canonical_gloss,synonyms,sid,FSW
adhesive,"paste, glue",541,M518x579S34200482x483S14c08455x532S2880a476x532S11502463x551S20e00464x567
1,Theme: numbers,282,M507x515S10000492x485
1,one,669,M533x587S34800497x483S34a00468x483S20500500x545S10011499x557S15218478x535
10,,91,M527x526S15a00473x473S15a00497x473S23903509x498
10,,379,M571x515S14c00504x484S14c08473x484S14c20548x484S14c28428x484S26506530x497S26512454x496
ten,10,777,M508x508S20300493x493
ten,10,778,M512x511S1ea10489x490
ten,10,779,M528x511S20300472x495S2df00490x490S20320513x495
thousand,1000,794,M528x527S10020513x473S10002472x512S2880d505x506
thousand,1000,795,M521x524S36d00479x477S1f552480x486S20500483x513
eleven,11,782,M508x517S1f502493x493S21900494x483
eleven,11,791,M521x514S1f020492x499S22114480x487
twelve,12,783,M515x517S1dc02485x493S21900501x483
twelve,12,792,M521x514S12b20492x499S22114480x487
thirteen,13,784,M515x517S11e02485x494S21900496x484
fourteen,14,785,M515x515S18e02485x495S21900496x485
fifteen,15,786,M516x517S14c02485x494S21900496x484
sixteen,16,787,M510x516S19202491x495S21900496x485
seventeen,17,788,M513x515S1b002487x495S21900498x486
eighteen,18,789,M515x515S1cd02485x495S21900501x486
nineteen,19,790,M516x516S14402485x494S21900499x484
2,,155,M507x515S10e00492x485
2 days ago,"Theme: days, Theme: sheet Maureen",294,M532x526S26904516x508S36d00479x484S10e00517x475
twenty,20,781,M518x515S10e00482x485S17610502x499
twenty,20,793,M521x514S1f020492x499S22114480x487
3,,57,M509x515S18600491x485
3,,853,M512x515S11e00489x485
thirty,30,770,M519x515S18600482x485S17610503x499
thirty,30,801,M529x515S1c120500x486S22114472x502
4,"four, Theme: numbers",285,M511x516S14400489x485
forty,40,771,M521x516S14400480x485S17610505x499
forty,40,800,M525x514S1a620503x486S22114475x502
5,,377,M512x515S14c00489x484
fifty,50,772,M521x516S14c00480x485S17610505x498
fifty,50,799,M524x515S18820504x486S22114477x502
Number. six,"Six, 6",342,M507x513S10a00492x487
6,,378,M508x511S1f902493x488
six,6,734,M511x510S19200490x491
6,,854,M510x511S1f801490x489
sixty,60,773,M520x510S19200481x490S17610504x494
7,,382,M512x515S1dc01489x485
7,seven,664,M515x512S1dc02485x488
seven,7,735,M510x513S1b000490x487
seventy,70,774,M520x513S1b000481x487S17610504x497
Numbers Eight 8,"Eight, 8",345,M512x512S1f502497x488S26532488x497S26532487x502
8,,381,M513x515S11e01488x485
8,eight,665,M515x512S11e02485x489
eight,8,736,M510x515S1cd00490x485
eighty,80,775,M520x515S1cd00481x485S17610504x499
nine,9,668,M515x510S18e02485x490
9,,855,M513x513S18e01487x487
ninety,90,776,M526x511S14402475x489S17610510x489
A,,177,AS14c09S20500M514x517S14c09488x490S20500486x483
A,,670,M533x587S34800497x483S34a00468x483S20500500x545S10011499x557S15218478x535
A,,671,M521x526S10011500x496S15218479x474S20500501x484
abduct,,542,M541x532S37605459x468S16d11482x512S22b07501x492S20300526x475
Ablaze,on fire,543,M523x548S20304484x533S20304505x533S22c00503x488S22c10482x488S14c00500x453S14c08478x453
Accept,,540,M536x543S14c50510x458S14c58466x458S18551509x511S18559465x511S20500507x532S2fb04492x503S20500485x532S26504515x492S26514472x492
accident,"crash, bump, theme: contact symbols",391,M536x557S20300501x542S20306482x542S20b00493x526S26502521x543S26516463x543S32a00482x482
Musical instruments,Accordian,539,M533x542S1fb10471x459S1fb10516x459S2df18469x489S2df00512x487S2df10468x521S2df08512x518
live,"address, Theme: family details",279,M542x532S1c502508x469S23600503x515S21100516x501S36d00479x468
afraid,,148,M532x595S31300482x482S15300493x570S15308488x535S2fb04515x564S20600510x542S20600465x577
again,repeat,747,M513x524S10e40492x477S22f04488x510
slow,"slowly, ages, long time, theme: contact symbols",406,M534x537S26603476x515S15d37511x463S15d51511x479S21100501x500S37a0b467x483S37a08466x481
Alarm,,545,M522x521S15a18492x480S10020507x490S20600479x510
alarm,alarm clock,645,M522x521S15a18492x480S10020507x490S20600479x510
all eyes on me,"Look at me, looking at me.",505,M559x518S30a00482x483S33c00482x483S14600541x467S14608442x467S26503521x484S26515464x484S2f900517x477S2f900472x478
all right,"fine, OK, Theme: greetings and introductions",261,M557x571S1f540515x527S1f548468x527S2e500534x544S2e518441x542S33e00482x482
alone,,17,M579x580S10000560x532S22f04554x566S32105482x482
alphabet,,376,
American  Sign Language,,219,M612x535S14c02417x495S14c0a389x491S20700409x518S2e75e407x475S2f900414x468S10011490x466S10019467x476S1dc20574x473S1dc28546x473S2ea04497x502S2ea48474x510S2891d532x508S28905585x508
angel,,98,M539x534S15a11477x482S15a19511x481S22117520x466S22111460x466S26a02473x506S26a16516x507S2fb04488x512
animal,theme:ANIMAL,197,M556x532S14e02522x506S14e0a443x507S23400519x468S23410443x469S20e00459x491S20e00531x487S2fd00488x519
animal,theme:ANIMAL,198,M530x548S15450514x475S15458469x451S2fb04484x536S2eb4c469x493S2eb00515x516
Reindeer,Animal,369,M559x518S30001482x483S30007482x483S14c10462x469S14c18515x468S20500487x471S20500506x471S28807539x452S2881f443x451
Animal,,432,M546x526S36d00479x480S15a51454x501S15a59521x503S36f50454x475S36f54525x477S36f54465x476S36f50536x476
Animal,Rhino,433,M542x518S33100482x483S1fb10525x497S2d200516x465
Animal,Giraffe,434,M518x570S36a00482x477S16d32491x552S22b00492x518
Animal,Monkey,438,M542x581S35d04482x483S14e03515x553S20e00523x537S22f00516x521S14e0b460x553S22f10460x521S2fb00493x537S20e00467x537
Animal,"Chicken, Bird",439,M518x534S30004482x483S1f420471x519S22114455x509S20500505x520
Animal,Duck,440,M518x535S13f10476x520S30004482x483S22114455x510
Animal,Zebra,441,M540x531S14402503x469S1440a468x469S26606510x492S26606510x511S26612461x493S26612462x511S20e00495x504S2fb04494x525
Animal,Gorilla,442,M538x576S27104498x518S14e03509x458S20e00515x442S20e00476x442S14e0b469x459S2fb00493x425S22a00514x424S22a10475x424S20c00505x538S1f701509x554S20b00476x524S27118462x506S1f709472x539
Animal,Lion,435,M541x518S21800465x478S2ff00482x483S15002510x489S1500a459x490S21800516x478
animal-walking,,23,M525x563S15a20477x437S15a20510x452S15a20478x490S15a20511x510S22e04508x483S22e04508x540S22e14476x467S22e14476x519S2fd03485x544
Pets,"Animals, Mouse",329,M528x546S33200482x483S10011507x505S20e00491x523S26a02476x519
Animals,"Hare, Pets, Rabbit",330,M545x518S30001482x483S30007482x483S13208461x465S13200514x464S22114519x457S22114455x457
Animals,Bear,385,M535x528S15001466x483S21800466x473S37600489x505S21800514x472S15009507x483
Animals,Hippo,423,M529x523S19a50472x480S19a38472x498S20500504x495S23108503x478S23110503x506
cream,"anticeptic, rub",343,M522x527S15d51499x504S15a57495x472S37602477x475S21100484x491
Around the corner,,454,M516x545S10b47485x456S2df00495x508S22a00488x491S22a02484x532
arrive,,86,M528x533S20b00473x520S15a08516x468S15a09471x494S22a03500x490S15a21481x501
Arrive,arrived,544,M530x516S15a39471x488S20500499x484S18250480x501S28801510x493
Asda,,802,M559x535S36d10479x465S2fb02471x489S2fb06523x488S20c00531x515S15a24515x508
Asda,,836,M568x528S36d10479x473S20c00540x508S15a1c524x501
attack,,38,M527x535S10020505x482S10028476x494S2fb04491x529S26a00500x465S26a10472x476
August,,849,M518x551S14c09488x456S20500487x449S14c09482x487S20500508x501S20300493x536S20308493x518
aunt,,822,M520x516S14c09494x489S20600480x484
aunt,"uncle, nephew, niece",825,M518x546S30004482x483S11800496x519S20600475x517
Family,"Relative, Aunty",333,M531x529S15818505x472S10011505x491S20500493x481S26613468x507S20500484x491
Countries,Austria,239,M523x520S11811478x494S11819498x495S20600494x480
autumn,,154,AS14c11S14c18S22511S28a05M532x533S22511487x466S14c11498x477S28a05503x503S14c18467x482
B,,176,AS1ce10S1ce18M522x515S1ce10500x485S1ce18477x485
B,,374,M516x513S17610500x486S17614483x486S20500495x502
B,,672,M533x555S34800497x483S35000467x483S17618482x538S17610497x539
B,,673,M516x509S17610500x493S17614484x492
B,,831,M516x508S17618484x492S17610500x492
B,,832,M524x510S1eb18476x491S1eb10500x491
baby,,184,M517x532S15a36482x475S15a32490x469S27122493x493
Family,baby,562,M544x512S20500534x492S37906472x506S15a3a509x500S20500456x498S37906488x492S15a32466x488
Baby,Child,615,M523x535S15d32496x472S15d3a478x472S20500496x466S27122492x496
back,,39,AS15a24S26b00S36d10M551x531S36d10479x469S15a24506x504S26b00524x508
Back packing,"walker , Hiking, Walking",548,M536x525S36e00477x476S1f702516x487S1f70a467x487S20600514x510S20600463x510S2fb04493x519
Bacon,,549,M572x514S12d12504x491S12d1a471x491S26606542x498S26612429x498S22124537x495S22124443x496S2fb00493x486
fruit,banana,551,M540x532S10028460x469S18527477x468S20e00480x502S22a04480x517S10018509x469S18510515x470S20e00523x502S22a04523x517
Horse,"Riding a horse., Bareback riding",443,M531x528S15d0a469x491S26626501x497S20a00486x513S10e14483x473
Netball,Basket ball,624,M533x545S15040507x514S15048468x514S23000506x492S23010470x492S15018470x456S15010505x455
Sport,"basket ball, netball",555,M533x545S15040507x514S15048468x514S23000506x492S23010470x492S15018470x456S15010505x455
bath,,564,M549x540S36d00479x460S2fb00492x487S21100493x497S23600510x497S23610450x497S1f702511x520S1f70a473x520
Open eyes,"wake up, Be aware",508,M541x537S1f418459x513S2f710475x437S1ee10513x456S22100476x447S2f700511x437S1f410512x513S31600482x502S31400482x463S22100511x447S1ee18460x456
Hug,Bear,515,M535x570S15001466x525S21800466x515S37600489x547S21800514x514S15009507x525S30a00482x483S34000482x483
bed,,563,M538x526S2ff00482x483S15d10519x485S20600513x515
Bedroom,,550,M541x593S15a10516x494S2ff00482x483S20500514x480S15a40516x551S15a48475x552S22104529x552S22104461x556S18048481x578S18040489x541S2b700518x524
begin,,187,M549x528S30005482x482S10612516x509S2c300523x480S20500506x517
Clothes,"belt, fasten belt",561,M532x524S1150a468x503S11502501x503S2d600503x488S36d00479x520S36d00479x476S2d618469x488
bend-in-road,,69,M540x533S1153c491x467S11554461x487S2d604485x520S2d614511x495S2fb04484x505
Benefits.,,476,M548x522S36d00479x478S20e00504x494S1d452520x483S22f04498x508
Bicycle,,486,M522x527S20350505x474S20358478x474S2ea00507x495S2ea4c478x496S2fb04492x521
big-house,,136,M555x554S11511501x447S11519471x447S11558445x515S11550540x515S22b05520x471S22b13453x471S22a04535x499S22a04451x499S2fb04491x548
billiards,snooker,574,M529x525S17640472x475S17650513x509S26501492x494
billion,,797,M516x517S17618484x501S17610500x501S26520493x483
Bird,Parrot,444,M544x540S10620523x514S33200482x483S20e00520x496S2b800509x463
bird,,85,M534x542S22134501x535S1f021504x507S2ff00482x482
bird,theme:ANIMAL,199,M518x547S1f420488x532S22114476x522S22104505x522S30004482x482
bird-flying,,60,M552x523S1f419448x482S1f41f531x478S2d614488x510
bird-landing,,54,M579x573S32104482x482S1f411549x478S15a56489x561S10e04501x531S20500486x543S22c03524x505
birds-being-fed,,37,M556x538S17c3f479x491S18551496x472S2eb02484x523S2fb04511x500S23404519x462S22134444x495
birth,,11,AS15a41S15a49S26500S26510S36d00S36d00M523x534S36d00479x465S36d00478x530S15a41500x503S15a49473x503S26510482x482S26500500x482
birthday,theme: cards,428,M537x591S15d41514x564S15d49463x563S15d07509x523S15d0f469x522S36d00479x587S33e00485x482S22a00514x547S22a10474x545
birthday,,764,M521x520S36d00479x480S11511480x493S20600456x490
biscuit,,162,M517x517S15336483x502S20600495x482
biscuit,,805,M521x530S37602479x473S36d00479x470S15316468x515S20600453x500
black,Theme:COLOURS,231,M552x531S36d00479x481S11e02453x499S11e00529x470S22b07494x493S20500448x520
Nose bleed,bloody nose,512,M528x559S33100482x483S14402497x505S22b04493x529S22b04508x529
clothes,Blouse,458,M538x556S36d00479x444S20500513x468S20500486x468S20500487x544S20500510x545S18010508x484S18018471x484S18014470x522S1801c505x522S2fb00496x499S22a04504x512S22a14487x512
Blow drying hair,drying hair,525,M557x540S33500476x483S1dc01525x492S27100517x525
blue,,160,M514x526S14c00485x473S10b10498x497
blue,Theme:COLOURS,232,M530x522S15a37470x479S10041478x492S21100497x483S27101503x488
colour Blue,blue,361,M530x529S10021500x508S27111469x472S15a07496x483S21100483x507
blue,,637,M531x529S10021501x508S27111470x472S15a07497x483S21100484x507
Boat,,628,M540x526S15a40461x494S15a10474x481S20500464x483S15a49492x502S15a41517x503S20500511x492S22f20505x475
boat sailing forward,,488,M519x533S15c19481x503S15c11499x503S2c120483x468S20500495x522
born,theme: cards,430,M545x537S36d00479x463S36d00479x531S15d41522x514S15d49458x513S26501514x499S26517479x499
boy,"Theme: family details, son, theme: cards",274,M545x532S10012515x513S30004482x482S20e00508x519S26502489x518
Braid hair,"Plait hair, platts",524,M549x572S1ea07524x496S1ea08503x516S2ff00482x483S2fd04526x528S2df0a527x540S2df1e502x548
branch,,76,M539x532S28a07509x500S16d20480x512S14c18460x467
bread,"slice, theme: contact symbols",397,M529x531S15d39487x502S15d41506x508S27101470x469S21100490x488
Saw wood,"Bread, cut bread",572,M529x525S1470a507x511S14711508x490S27101471x475S21100492x495
break,,26,M552x516S20350482x485S20350504x485S20340537x485S20348447x485S26506514x502S26512469x502
breakfast,"eat, food",554,M519x545S33b00482x483S18508478x521S26a04492x531
Hobbies,"Breast stroke, swimming, Swim",449,M546x548S15d59473x525S15d51509x525S22100459x513S22100474x513S22100517x514S22100533x514S2d610457x491S2d610455x469S2d608515x489S2d608517x467S2fb00490x452
Breathing mask,Oxygen,190,M518x524S2ff00482x483S15001486x497S20500476x513
Brighton,,840,M531x524S36d00479x476S14c02499x486S22f04506x510
bring,,74,M534x524S15352467x494S1535a509x494S2fb04492x518S28922469x476
Bristol,,767,M520x528S17618484x473S17610500x473S15a39480x495S10051490x507
British,,12,M535x525S14c50509x474S14c58465x474S22f14464x511S22f04510x510
British Sign Language Alphabet,,733,
bronze,Theme:COLOURS,233,M558x547S17610502x493S17618486x493S20500497x482S14c10535x453S14c40443x516S22a07521x477S22a13472x510
brother,"Theme: family, Theme: sheet Maureen",257,M548x517S1f740502x502S1f748479x502S21100494x483S23600509x482S23614453x482
brother,,310,M548x518S1f740500x503S1f748479x503S20e00494x485S23600509x483S23614452x482
brown,Theme:COLOURS,234,M521x526S14c01460x499S36d00479x475S21100478x487
Hair brush,Brush hair,522,M551x518S1ea11522x469S2ff00482x483S26a04524x496
budgie,theme:ANIMAL,200,M529x544S1f420500x529S22214488x520S22204510x520S30005482x482
building,build,238,M545x531S2fd04488x525S20b00481x469S23604506x497S23618455x503S18018470x484S18010498x475
crash,"bump into, hit",354,M536x513S15d48464x486S20302486x494S20b00506x495S26502521x494
bus,,151,M547x517S2ff00482x482S11010532x467S22a04534x491
Flowers growing,bushes,552,M539x559S18506514x535S18506491x534S18506466x534S14c00516x482S14c00488x483S14c00461x481S22a00522x441S22a00491x450S22a00461x458S37a06473x523S20316521x517
butterfly,theme:ANIMAL,201,M534x521S15d01482x497S15d09497x498S20700492x479S22213519x485S22215466x483
Butterfly,,436,M534x527S15d01477x482S15d09499x482S3770b480x500S37703495x500S20800495x473S37703500x505S22114466x473S22114508x473
Butterfly,Butterfly landing,437,M531x534S15d01469x478S15d09504x477S37600486x497S20800492x467S22b24515x504
bye,Theme: greetings and introductions,271,M563x562S14c20516x520S27206544x522S33e00482x482
C,,127,AS1ec10M511x509S1ec10488x490
C,,674,M533x557S34800497x483S16d10506x537S36100468x483
C,,675,M509x510S16d10492x490
C,,833,M513x510S1ed10487x491
name,"called, Theme: greetings and introductions",265,M560x517S30007482x482S11501516x488S11520545x443S26507525x465S20500512x474
camel,theme:ANIMAL,202,M544x515S17148455x495S17140526x494S2940a478x486
camera,,655,M542x518S2ff00482x483S10a10523x487S21600534x476S21600522x476S1ed18451x493
Classifier Can,can,366,M523x537S16d30505x517S2ff00482x482S20500495x496S20500494x517S26614467x504
can,,639,M523x538S16d30505x518S2ff00482x483S20500495x497S20500494x518S26614467x505
cannot,can't,852,M561x539S30146482x476S10011521x509S2ef00543x489S26600524x483S2fb04537x515S10040524x450S33210495x501
can-,,126,
can-'t,,128,M520x551S10020505x448S10030505x521S29704479x481
Dining Room,Canteen,547,M541x597S2b700518x528S18500500x511S20500493x520S15a40516x555S15a48475x556S22104529x556S22104461x560S18048481x582S18040489x545S33b00482x483
CAP Hu,,195,M518x517S2ff00482x482S20500491x463S20500478x463S15a19463x473
transport,"car, drive",468,M533x530S20301512x470S20307467x470S23109509x497S23115469x497S2fb04492x524
card reader,,470,M520x528S15a18481x474S1e611491x473S22b04503x498
Cardiff,,804,M523x531S1ed10489x470S11559478x506S11551496x506S20600489x495
career,"job, plumber",553,M539x527S10049462x497S10e41489x491S2c500499x474
Careers. Occupations,Nurse,419,M537x523S2330a461x493S36d00479x478S10002492x492S37605480x482S20e00478x486
vegetable,"carrot, y",471,M544x526S35610482x483S20320508x511S20600522x499
carry,,472,M543x528S15a30457x501S15a30507x501S2920a463x482S2921a512x483S2fb00496x473
cat,,6,M555x548S2ff00482x482S14502524x492S1450a449x494S26a06514x521S26a12457x521
cat,theme:ANIMAL,203,M589x526S2ff00482x483S1ef18469x503S1ef10504x503S1f410560x504S1f418406x506S26506541x497S26506541x510S26512442x498S26512441x512
church,cathedral,765,M513x525S20308493x492S20300493x476S22f24488x511
chair,,490,M530x529S11559471x497S20600487x471S11551499x486S22f04505x515
seat,"chair, row of chairs",492,M552x521S11858474x479S11850503x479S26702449x505S26706510x504
change,exchange,727,M522x534S10609499x502S10621479x514S21100491x493S2df20487x467
change,exchange,728,M522x534S10609499x502S10621479x514S21100491x493S2df20487x467
Materials,"Checked, Plaid",328,M532x541S36d00479x460S14402453x472S20e00487x475S22b06502x473S14450465x492S20e00487x493S22b04486x511
cheek,"cheeky, insult",363,M543x517S1ec10520x490S30006482x482S20800516x478
child,,4,M537x582S32105482x482S15a58525x555
children,,95,AS15a58S15a58S2930aS29312S2fb00S32105M552x570S32105482x482S15a58508x542S15a58483x543S29312450x526S2930a511x526S2fb00493x524
children,Theme: family details,273,M533x524S15d50468x477S22a04475x508S22a04520x509S26606493x490
Countries,"China, Chinese",569,M527x536S36d00479x487S20500471x495S20500517x496S20500517x525S10b43467x465S22b04502x502S22b06485x493
Christmas,,654,M538x516S20500478x485S20350479x501S15a48463x489S26502501x502S20350523x501
christmas,"father christmas, theme: cards",426,M525x580S2ff00482x482S17c1e488x516S20e00513x517S22a04497x537S1851e497x555
christmas,father Christmas,653,M518x597S30004482x483S17c3e487x519S20e00496x540S22a04495x556S1853e493x572
clap,,358,M514x522S15a10501x495S15a18487x495S20c00486x478
Clasifier too,"too ,, the same as",368,M524x515S10028476x485S10020509x485S20500496x495
close the window,,501,M520x524S15a02493x496S15a06488x512S20500481x497S22a04498x477
closed-question,,44,M518x517S30a00482x482
Closing your eyes,,506,M550x583S31400482x417S31900482x462S31b00482x504S31600482x548S22c24534x534S37a00539x494S37a00539x447S37900539x428S37a00546x492S37a00546x445S37900546x428
Clothes,"Jacket, Life jacket., Coat",213,M552x533S14f1a445x501S14f12536x500S26502518x512S26516465x514S14f1a484x502S14f12498x503S36d00479x468
Hat,"take off hat, Clothes, Tall hat.",453,M528x518S2ff00482x483S16d40510x462S16d48472x462S22b00512x427S22b10472x427S30a00482x483
Clothes,"pants, Trousers",455,M542x559S36d00479x442S36d00479x466S15a1c474x496S15a14512x497S22a14509x532S22a04473x531S2fb04517x553S15a1c529x497S15a14455x496S26526491x501S22a04529x532S22a14453x531S2fb04461x552
Clothes,"panties, knickers, underwear, underpants",456,M554x541S36d00479x459S36d00480x492S1c515450x515S1c51d529x516S20500468x502S20500524x489S20500524x503S20500468x489S22a00535x493S22a10454x492
Clothes,Skirt,457,M546x547S14c04523x480S14c0c457x481S25e04527x515S25e14460x517S36d00479x473S20e00523x467S20e00465x469S36d00479x454S2fb04494x539
Clothes,"gloves, put on gloves",460,M560x534S14c00453x466S14c00537x500S14c08441x501S14c08522x467S22a04468x519S22a14518x519S20e00468x502S20e00519x502S26526492x517
Clothes,"scarf, neck scarf",461,M539x554S2ff00482x483S20500510x472S20500481x474S1ea17518x479S1ea1f459x482S2880d504x511S28815472x512S20500495x527S26506503x538S26512479x538S2fb04492x548
Clothes,shirt,462,M567x536S1d411516x488S1d419462x490S26a00540x482S26a00440x484S20800525x523S20800467x526S36d00479x465
Clothes,patterned shirt,463,M531x549S15001503x475S15007470x451S2e500506x507S2fd04484x543S2e318470x487
Clothes,"Scooped necked top, Scoop necked  shirt",464,M545x521S36d00479x487S15a53522x480S20e00499x494S28a0e484x504
Clothes,stripped shirt,465,M526x530S1ef0b452x478S36d00479x470S22c06484x490S22c06483x514S20e00492x480S20e00492x505
clothes,theme: contact symbols,402,M548x529S14c02509x472S20e00466x499S20e00522x498S14c0a458x471S23404511x513S23414453x515
clothes,"shoes, put on shoes",459,M545x553S15a50474x459S15a50508x522S17c12468x447S17c1a505x510S26504493x475S26514531x538S20800456x461S20800493x519S21100493x458S21100532x520
clown,"tomatoe, red nose",583,M521x539S33100482x483S21700515x522S21700488x500S21700505x501S15000488x508S21700480x517S21700482x531
coffee,theme: contact symbols,400,M516x516S20300501x484S20308494x501S21100485x484
coffee,,748,M566x538S1ed40510x515S2ff00482x483S2c304539x514
cold,,256,M552x528S1f740514x500S1f748464x500S36e00477x472S27106537x486S27112447x488
cold,,651,M528x529S15001473x481S15027500x483S21100493x515S20500495x471
colour,Theme:COLOURS,235,M518x536S2ff00482x482S14c00478x505S22240473x501S26506502x515S22240473x506
colours  Grey,"colour, grey",350,M593x516S15006461x491S15002505x489S20500492x484S27100553x495S27104406x493
colour,,740,M514x525S1ed10486x476S2e500491x498
Colour,,286,M593x516S15006461x491S15002505x489S20500492x484S27100553x495S27104406x493
colour orange,"orange, fruit orange",357,M552x539S2ff00482x482S15010515x508S22000518x496
Colour Pink,pink,355,M518x522S10a10493x495S2ff00482x482S21100472x508S20800495x497
colour red,red,351,M531x548S2ff00482x482S10002501x510S20500495x506S26602480x532S21100493x519
colour. yellow,yellow,353,M522x541S14c58478x460S10020496x484S20500499x482S20500512x482S22b14481x511
comb ones hair,comb hair,523,M549x530S2ff00482x483S14e11521x477S26a05521x509
come,,14,M528x514S10610513x486S26602473x498
come-back,,80,M542x529S10e30527x471S10e51458x504S26603492x494
communication,"communicate, conversation",729,M532x556S2ff00482x483S16d10510x516S16d18474x517S26c08505x541S26c18469x541
Emotions,Confused,287,M549x517S15011521x485S2ff00482x482S2f300514x460
congratulations,theme: cards,429,M526x610S1f540509x531S1f548478x549S2eb00511x561S2eb44476x578S2fb04498x601S33e00482x482
think,"consider, theme: contact symbols",405,M534x525S2ff00482x482S10001513x495S21100507x478
contact,Theme: poster,319,M556x524S1ce10501x475S1ce48475x475S20700490x509S26602526x488S26616443x489
corner,theme: contact symbols,393,M524x518S15a41501x495S15a49477x495S20600490x481
Cost,"Price, Theme: poster",318,M526x535S15d37485x512S22a07497x497S18531475x509S14c01500x475S22621489x464
cough,theme: contact symbols,392,M521x521S36d00479x479S20352493x506S20c00487x491
Counties,Russia,251,M540x537S30004482x483S10012489x522S26506525x522
Counties,Wales,270,M511x542S18620490x459S18b20491x512S22a04493x493
Countries,Holland,217,M566x531S17d10520x490S17d18456x492S30006482x483S30002482x483S28805519x510S2881d450x511S18510541x512S18518429x512
Countries,Sweden,571,M522x540S15a56495x528S20e00478x528S17d21488x505S22f00493x487S18521493x461
Countries,Norway,218,M524x520S11920477x494S24509495x481
Countries,Egypt,246,M532x518S30000482x483S10620485x456S20600510x474
Sweden,country,623,M522x540S15a56495x528S20e00478x528S17d21488x505S22f00493x487S18521493x461
Family,"Relations, Cousin",529,M538x562S16d10520x505S30005482x483S2e230519x530
cousin,,739,M514x525S1ed10486x476S2e500491x498
cow,theme:ANIMAL,204,M563x517S30001482x482S30007482x482S19a10504x479S19a18470x479S20500531x476S20500462x476S26507523x463S26511469x464S19a20535x446S19a28441x448
Swim,Crawl stroke,447,M562x582S14c59453x488S14c51512x486S26610456x451S26604516x526S1f759454x420S1f751528x561S26800543x458S26830445x455S26830550x500S14c50538x418S1f759438x550S26714438x493S26710459x518S2fd04483x500S26604517x455
cream,,741,M514x525S1ed10486x476S2e500491x498
crown,crowned,581,M526x518S30000482x483S1c040510x456S1c048474x456S22a04507x441S22a14480x441S2fb00492x434
crucify,,580,M581x563S15d39451x437S20b00463x457S26702474x443S20307518x438S15d31519x486S26716481x492S20b00517x506S20307456x488S14c26550x540S14c2e419x539
Cry,"weep, Onions",568,M542x548S22f04517x514S31400482x483S10008488x518S10000498x499S22f14461x519S20e00523x499S20e00468x505S2fb05508x531
cry,"tears, weep, theme: contact symbols",401,M533x577S34100482x482S31400482x482S10001508x498S10009470x504S20e00515x531S20e00472x537S22f04508x545S22f14466x553S2fd00492x571
Currency,Money,516,M532x560S2c600513x511S30004482x483S20500495x519S14c20497x529
Haircut,"hair stylist, cut hair, hairdresser",521,M550x529S30007482x483S10e10521x481S22712540x478S26504523x514
D,,179,M514x519S10018486x489S1ec10491x481
D,,676,M533x577S34800497x483S1ed10499x541S35d00467x483S10018495x547
D,,677,M515x518S10018485x488S1ed10489x482
Dad,,241,M514x519S10018486x489S1ec10491x481
Dance,,567,M529x530S10e04489x484S15d3a471x511S27206510x470
Dark,"Night, Goes Dark, evening, Darkness",537,M526x529S28903473x502S2ff00482x483S15a01503x501
Night,Dark night,538,M542x564S28903517x534S2ff00482x483S15a09465x496S28903504x521S2891b472x521S2891b460x535S15a01512x496S2fb04494x558
date,,780,M518x535S30004482x483S1f700493x520S20600468x515
daughter,,742,M516x526S1ed10490x487S10018487x496S20600484x474
Family ;Daughter,"Daughter, theme: cards",337,M515x528S20500499x471S16c10495x488S20500485x471S10018488x498
dawn,,189,M548x525S2ff00482x483S20310526x510S2b700520x481S14c40519x446S21f2a511x438
deaf,,96,M542x523S30006482x482S11511517x496S20500507x468
Dealing card,"play cards, games",469,M535x532S1ea40474x492S1ea4e465x509S26500506x468S26501491x475S26507522x474S2d608500x487
deer,theme:ANIMAL,205,M556x517S30001482x482S30007482x482S14c11499x474S14c19473x474S20500521x470S20500470x469S26507523x455S26511471x458S14c20533x432S14c28451x433
deer,,387,M558x517S2ff00482x482S14c20516x473S14c28459x473S20500509x475S20500480x476S26607536x450S26611439x453
deoderant,,573,M521x558S17d11465x535S36d00479x521S37902461x485S2ff00481x482S2e232488x529
department,,83,M522x546S20500484x455S15a18479x468S15a18479x506S1ec10494x467S10002492x525S20500489x535S23b03504x493
describe handlebars,,498,M535x521S20350481x506S20350503x506S29909507x479S29911466x479
wish,"desire, theme: contact symbols",407,M531x588S2ff00482x482S17d1e492x519S1851e492x563S22a04493x547S21000511x520
makes,"do, fix",632,M514x516S20500486x491S20300499x485S20300499x501
doctor,medical,360,M526x525S20359491x475S37602474x474S1d051503x497S20800490x496
dog,theme:ANIMAL,206,M549x532S20c12522x489S15a1c537x498S36d10479x468
dog,,613,M536x523S11950509x478S11958471x478S22f04511x509S22f14465x509
donkey,theme:ANIMAL,207,M560x520S23710441x453S23704521x499S11540520x463S11544464x481S2ff00482x482
Door Ajar,"open gate, Door open, gate, open door",546,M532x514S15a06468x502S15a02494x502S2d608503x486
door bell,ring the door bell,495,M520x517S15a18480x483S1f520494x488S20600498x506
drawer,,145,M539x518S20330462x481S20330524x481S26504525x503S26514460x501S2fb04489x504
dress,,650,M547x523S36d00479x478S36d00479x515S14c0b467x485S14c03506x486S2c701524x494S2c710453x493
Duty,,558,M554x539S36d00479x505S18211518x486S18219487x516S20500507x491S20500508x513S2c300519x460S2c311517x516S2fb06548x502
E,,133,AS14c09S20500M513x520S14c09487x493S20500498x479
E,,678,M521x577S34800482x483S20500502x533S10011500x547S1db18470x532
E,,679,M526x523S1db18475x478S20500507x479S10011505x493
earring,theme: contact symbols,410,M556x517S33000476x482S1d410527x484S20800524x501
ears,,514,M541x539S33010479x483S20500522x496S10011520x509
Easter,,43,M520x518S16d18481x498S16d10503x498S20600490x482
Easter,,109,M528x523S26e05508x494S1f551491x477S20e00489x511S20350472x487S21400487x504
Eat,,626,M519x545S33b00482x483S18508478x521S26a04492x531
food,eat,477,M521x554S33b00482x483S18507502x510S20600492x543
eight pounds,£8,814,M522x548S30004482x483S1cd00488x518S26500508x519
eight pounds,£8,819,M528x541S30004482x483S12d02481x518S26500514x518
Lightening,Electricity,536,M578x518S10021548x454S24603522x460S2f700527x500S32107482x483
electricity,,150,M555x522S10020535x459S2ff00482x482S2f700533x511S24504537x491
elephant,theme:ANIMAL,208,M545x524S2ff00482x483S16d10491x497S2c100522x494
email,,36,AS20340S20348S26502S26516S2fb00S2f700S1dc32S1dc3aM576x519S20340561x503S20348424x503S1dc32505x495S1dc3a468x495S26502538x503S26516445x502S2f700495x480S2fb00493x490
England,,29,M527x522S10049472x490S10031485x492S27107500x477
jealous,"jealousy, envy, theme: contact symbols",399,M538x561S34100482x482S15002448x536S20e00485x544S26606508x541
Europe,,837,M521x514S17610479x491S2e300498x487
Europe,,838,M523x512S17620477x493S2e306496x489
eye,theme: contact symbols,394,M537x538S31400482x482S20500505x496S10001516x508
Eye contact,look into eyes,507,M521x543S11200479x458S11220501x483S2f900480x487S2f900508x511S26500507x518S2f700487x536S26500479x494S2fb03488x520
eyes,,510,M520x545S26502491x531S31400482x483S20500510x533S20500479x533S10000493x498
Eyes wide in amazement,,509,M541x518S20310512x490S20314473x489S34700482x483S31a00482x483S22100514x480S22100474x479S15710523x462S15718458x462
F,,169,AS11550S1155aM516x517S1155a484x484S11550501x487
F,,375,M522x519S11559477x494S11551495x494S20500493x481
F,,680,M533x565S36500497x483S34a00468x483S11551492x538S11559471x540S20500496x526
F,,681,M524x520S20500501x481S11559476x495S11551497x493
face scared,,474,M518x518S31a00482x483S34400482x483
family,Theme: family details,272,M522x530S11559477x483S11551495x481S20500493x469S2ea2e488x515
family,Theme: family details,276,M516x524S14c50487x493S2eb0a484x477
Family : Nephew,Nephew,335,M518x570S20500494x526S2ff00482x482S20500495x515S11500487x540
Generations,"Family background, History",530,M544x549S36d00479x452S18508496x473S2fb04514x507S2ea48496x496S2ea04529x482S18500516x462S25900528x514S25920497x526
Family. Niece,niece,336,M518x542S2ff00482x482S11800498x510S20500482x517S20500481x531
Family: Uncle,Relative,334,M529x533S15818470x503S10021499x512S20500496x499S20500507x493S26607498x466
Well done,Fantastic,415,M536x537S15a09472x514S1fc38479x487S20500481x517S28b09500x463S22a04465x495
Thank you note,fantastic workshop,418,
farmer,,608,M542x537S1f504518x471S1f50c456x472S20500481x473S20500509x472S20500509x517S20500480x517S22b04506x486S22b14476x486S36d00479x464S36d00479x533
Farmers,verse 3,594,
Farmers in his den,verse 2,593,
Farmers in his den,verse 4,595,
Farmers in his den,verse 5,596,
Farmers in his den,verse 6,597,
Farmers in his den,verse 7,598,
Farmers in his den,verse 1,599,
Farmers in his den,verse 3,600,
father,,168,M527x516S11559473x491S11551492x490S20600505x483
input,"insert, put in, invest, file, theme: contact symbols",408,M524x522S16d48482x502S18550477x480S22a04509x496S20700506x478
fine,,72,M546x585S1f50f463x534S1f507515x534S33e00482x482S26504518x561S26514467x562S2fb04492x579S2f900535x564S2f900453x566
fingerspell,Theme: In Signing class,289,M544x519S15310505x480S15318457x481S26706502x503S26716456x503S22626475x480S22622493x480
finish,,73,M564x514S1f501470x486S1f507507x487S2960a530x488S29612435x486S2fb04492x508
fire,,484,M537x539S14c00507x476S22130502x462S14c08470x488S22130503x468S22130465x474S22130464x480S22a00510x522S22a04524x522S22a14476x524S22a10463x523
fireworks,,483,M542x536S20320521x520S20320463x521S22f00517x500S22f10458x502S14c20519x465S14c28458x466
fish,,3,M518x541S30004482x482S14c12480x518S22512451x513
fish,,131,M533x514S22120475x486S26702466x498S15a02506x499
Hobbies,"Fishing with a  rod, Fishing",446,M522x535S1eb10498x494S1eb18478x516S23200486x466
Number Five,Five,341,M511x515S14c00488x484
five pounds,£5,811,M524x549S30004482x483S14c00488x518S26500510x519
Flash the lights,,535,M545x518S2ff00482x483S18511516x469S18519455x470S18519453x424S18511518x422S15311522x443S15319454x446
flatfish,,63,AS15a12S22124S26702M534x508S22124480x492S26702466x492S15a12507x492
floor,,81,M548x521S15a50501x479S15a58485x479S20500495x510S26606518x487S26612452x487
fly-away,,152,M606x541S32107482x482S15a12427x524S15a1a542x522S22c07552x482S22c17442x484S22134574x505S22134407x505S2fb04492x535
food,,118,M543x544S18527514x517S2ff00482x482S22f01522x499
Food,,627,M519x545S33b00482x483S18508478x521S26a04492x531
food shopping,,478,M537x575S33b00482x483S18500503x510S2fb04493x555S2d200511x552S2d211461x551S18501510x531S18509462x530
Number four,four,340,M511x515S14400489x484
Money,"£4, four pounds",519,M533x560S2c600514x515S30004482x483S20500495x519S14420498x529
four pounds,£4,810,M524x549S30004482x483S14400486x518S26500510x519
post office,"franked, theme: contact symbols",396,M519x521S15a39495x498S20b00499x503S20b00506x491S20341481x490S26507499x479
Friday,"Theme: days, Theme: sheet Maureen",302,M523x518S11559477x493S11551496x493S20600489x482
friend,,604,M525x520S17d48475x505S15d42498x500S20700491x481
make friends,friends,482,M527x534S1063a474x478S10651492x466S20800498x483S10659473x509S10632501x519S20800489x524
furious,,113,M554x561S31300482x482S15303467x528S1530b510x528S2fb04493x552S22b07530x510S22b11447x510S21100533x547S21100455x547S2f700542x528S2f700445x530
G,,104,AS2030aS20302M507x516S20302492x484S2030a492x501
G,,682,M548x561S35d00452x483S34800512x483S34500482x483S20302491x530S20302488x546S37704505x537S37707464x551S20500476x537
G,,683,M533x516S20500480x492S37704509x492S37707468x506S20302495x485S20302492x501
G,,684,M515x516S20500485x492S20302497x501S20302500x485
garage,,130,M522x523S26601477x477S15a51499x500S18219483x482
girl,Theme: family details,275,M546x526S30006482x482S10020519x496S20e00525x494S26500518x479S26500532x479
icecream,glace,648,M530x552S35a04482x483S31400482x483S20310493x523S2eb04515x520
Glasgow,,758,M527x541S20300492x478S20308492x460S14c11501x514S14c19473x514S20700491x497
Glasses,Spectacles,359,M587x518S2ff00482x483S1ef10507x489S1ef18464x489S1f410558x489S26a12445x483S26a06540x483S1f418413x489
Gloucester,,768,M520x517S20300481x502S20308481x484S20600498x496
go,,10,M537x518S30006482x483S15a10523x487S26600521x453
go,,52,M508x538S15a10495x511S26700492x462
go,,144,M535x518S30006482x483S15a10523x487S2b700515x459
go through the door,,496,M520x526S15a10481x488S10008501x496S22b20504x475
God,,240,M519x537S10040504x507S10010497x462S2d200481x499S2f700486x529
going-for,,157,AS10e51S10000S20d00S26601M529x533S20d00489x466S10000471x486S26601507x511S10e51479x487
gold,Theme:COLOURS,236,M520x544S14c30496x456S20330502x529S1000a480x476S22b00502x491
gold,Theme:COLOURS,237,M546x558S20310496x484S20318496x499S14c01520x443S14c0b453x532S22a07512x472S22a13481x519
goldfish,theme:ANIMAL,209,M553x558S20300503x493S27200481x442S20306503x509S14c0a475x535S14c02522x460S15d02447x457S22a13492x522S22a07517x481S22c02478x463
Goldilocks,,5,M543x579S2ff00482x482S10000523x494S10008461x494S2ea06518x530S2ea12455x529S22b04522x549S22b14460x547S2fb04490x571
Hobbies,"Golf, Sports",450,M519x533S1ea10490x467S1ea18482x493S20500485x482S28c2c498x505
gone,,50,M561x540S33b00469x483S34d00496x482S15a02508x528S15a01534x488S22b07537x512
hello,"good, Theme: greetings and introductions",260,M562x572S1f550508x557S1f558467x557S1f540547x520S1f544439x519S28809521x531S28811459x531S33e00482x482
good,OK,834,M508x512S1f502493x488
have,"got, Theme: family details",250,M512x539S14c30488x460S20330492x524S22a04493x502
government,,769,M520x517S20300481x502S20308481x484S20600498x496
Grate cheese,"grate food, grater",479,M540x621S15a18489x476S14e10501x476S30a00481x431S2920c526x487S20600486x511S20500510x511S30b00484x535S15a18489x577S1f710500x583S22f04513x602S21200484x607
Grey,,611,M594x516S15006462x491S15002506x489S20500493x484S27100554x495S27104407x493
Groups: we,we,365,M512x515S10e01487x485
grow up,,766,M508x531S15a50494x504S22b00492x470
grow-up,,167,M532x582S32a10482x482S15a50520x555S22c00516x495
H,,115,AS15a51S15a39S20e00S26507M525x520S15a39474x494S15a51477x497S20e00501x493S26507512x479
H,,685,M563x593S34800466x483S34a00437x482S34500527x483S35d00497x483S15d39471x560S15d51480x570S21100497x550S26507512x536
H,,686,M527x526S21100500x483S26507514x474S15d39474x493S15d51483x503
had,,630,M512x538S14c30488x463S20330492x523S22a04493x501
Hair,,520,M533x518S1da10517x471S20800510x475S30007482x483
half,,15,M524x525S15d49475x476S15d41487x486S20e00478x502S22f05503x504
half-hour-late,,24,M537x527S10020522x497S15a18463x475S2f700499x476S20b00469x506S10050479x472S2b700497x488
hamster,theme:ANIMAL,210,M538x601S15a37486x571S15a51479x578S21100482x560S26a07489x543S32a00482x482S15410523x487S15418463x486S22b00519x523S22b10460x524
happen,,79,M521x517S1eb38480x494S21b00496x482S22e00504x499
happy,,61,M517x524S15d39483x496S15d51491x501S20c00489x476
happy,theme: cards,424,M529x530S15d49494x507S15d41506x494S26f03471x473S20e00493x471
happy,,749,M526x528S15d39483x505S15d51503x488S26a03475x479S20e00490x473
hearing,person,99,M532x617S33b00482x541S32a00483x424S10010511x451S10010488x587S20500496x562S20500522x434S2d501492x501
hearing,,745,M539x530S2ff00482x483S10011518x500S20500519x490S20500495x519
heart,,21,M511x514S18242496x485S20500488x503
heart,,164,M521x531S10b43500x469S10b4b478x469S2890c501x502S28914478x502S2fb04485x515
heart-attack,,153,M545x524S10c42505x475S10c4a459x484S27104505x501S27110455x509
heart_attack,,65,M544x519S10c42505x482S10c4a464x481S27104504x503S27110456x504
heartbeat,,173,M521x512S10a42495x487S20600478x501
hello,"hi, Theme: greetings and introductions",259,M557x537S33e00482x482S14721517x516S2880a535x506
hello,,414,M556x555S33e00482x482S14c21503x529S2890a527x520S31400482x482
hello,,659,M560x534S14c00453x466S14c00537x500S14c08441x501S14c08522x467S22a04468x519S22a14518x519S20e00468x502S20e00519x502S26526492x517
help,,258,M523x520S1f740481x491S15a36477x508S2b721504x480
hen,,211,M535x517S14c10488x460S2ff00482x482S2e230516x461
hen,theme:ANIMAL,220,M535x517S14c10488x460S2ff00482x482S2e230516x461
here,,41,M510x522S10b04493x478S22a04490x507
Here,,527,M526x537S10004479x463S22b04474x507S22b04510x507
Hippo,,622,M529x523S19a50472x480S19a38472x498S20500504x495S23108503x478S23110503x506
Hobbies,Swim,448,M555x582S15a27477x553S15a21505x554S2fb00496x576S2d610451x536S2d610455x514S2d608517x517S2d608526x538S30e00482x483S33b00482x483
Hobbies,"Table tennis, sport",451,M550x559S31400482x483S1ea10501x532S26d06531x532
home,,34,M534x522S15a37471x499S18211509x477S22b03503x497S20500466x496
horrible,,70,M541x517S33200482x482S15210511x479S22520509x465
horse,,212,M542x542S11e10477x504S30004482x482S20f00501x530S26a00500x513S20e00529x530S26500528x513
horse,theme:ANIMAL,221,M542x542S11e10477x504S30004482x482S20f00501x530S26a00500x513S20e00529x530S26500528x513
Hospital,Nurse,528,M523x534S11502484x469S2330a497x488S20e00483x480S37606478x466
hour,,30,M517x529S10020500x485S15a18484x488S20500494x518S2ef00499x470
house,,112,M528x558S11519472x459S11511500x459S20500493x442S23904508x492S2391c471x492S2fb04492x521S11540511x528S11548474x528
house,,134,M528x542S11519472x474S11511500x474S20500493x457S23904508x507S2391c471x507S2fb04492x536
how,,751,M527x522S14c11501x495S14c19473x495S20710483x478
how are you?,Theme: greetings and introductions,264,M543x583S15d02510x564S15d0a460x564S1f540528x514S1f548457x515S20e00507x558S20e00481x558S26507517x541S26511469x543S30a00482x482
numbers question,How many?,332,M605x523S14c02409x479S14c0a543x479S20b00484x487S22516592x478S22512394x478S15116458x477S15112510x476S26612427x507S26606523x505
how many?,Theme: family details,277,M562x568S14c00514x536S22630509x523S27106547x528S30a00482x482
how old?,Theme: family details,278,M518x559S30c00482x482S14c00488x528S33200482x482S22630483x520
hungry,theme: contact symbols,255,M521x535S22a04506x519S36d00479x466S21100472x497S1f702492x495S22a00492x520S22a04478x519
I,,186,AS14c07S20500M517x517S14c07482x491S20500507x482
I,,687,M533x572S34800497x482S20500500x526S34c00467x483S10011504x542S1c518471x528
I,,688,M527x523S10011506x493S20500502x477S1c518473x479
I,,738,AS14c09S20500M518x518S14c09483x491S20500508x483
I'm fine,"well, Theme: greetings and introductions, theme: contact symbols",266,M545x582S15d02512x563S15d0a462x563S1f540530x513S1f548459x514S20e00509x557S20e00483x557S26507519x540S26511471x542S33e00482x488S30124482x477
same,"the same as, identical",367,M518x521S10020503x491S10028482x491S20500495x478
if,,55,M526x543S30a10477x482S37000473x533
if_it_rains,,163,M538x616S22b03486x573S2fb04466x610S22b03495x582S22b13435x569S22b13445x577S14c57512x553S14c59461x549S37004473x528S30c10480x482
important,,663,M524x527S10009484x489S15a11501x474S20600476x482S2f900487x522
internet,website,826,M540x542S1c518470x458S1c510501x458S1c514469x514S1c51c500x514S2890c525x484S28914461x484
Interview: first name you what?,,384,
Interview: name you what?,,383,
is-it-afraid,,47,M533x595S20600466x577S15300494x570S15308489x535S2fb04516x564S20600511x542S30a00482x482
it,,84,M524x519S10047476x498S26507511x480
It doesn't matter,no matter.,730,M536x522S26c18464x479S15d0a479x498S26c0c509x482S20e00494x486S15d02494x503
J,,102,AS10012S14c08S23803M522x521S14c08478x482S10012492x479S23803502x498
J,,689,M563x589S35d00438x483S34500468x483S34a00498x483S34800527x483S14c08470x539S10021475x557S21100522x535S22a01501x573S20500477x527S2fc04509x578S22a35503x575S22a33519x576S22a30524x568S22a30524x560S22a30524x552S37d0a526x574
J,,690,M533x531S37d0a524x516S22a30522x494S22a30522x502S22a30522x510S14c08468x481S10021473x499S21100520x477S22a01499x515S20500475x469S2fc04507x520S22a35501x517S22a33517x518
Jesus,Jesus Christ,656,M529x548S14c18480x452S14c10506x502S1c518479x514S1c510499x463S20500499x487S20500501x537S28814471x487
Jesus Bible,,557,M559x543S1c511467x458S1c51f441x467S20500468x487S1c519443x503S1c517469x512S20500458x532S15a10537x468S15a18523x468S2fb04529x522S2df04538x498S2df1c514x498
juggle,,579,M553x577S15030521x526S15038452x527S23610447x560S23600514x559S30a00482x483
K,,172,AS10613S10018M515x521S10018484x491S10613487x478
K,,691,M548x572S10613484x532S35d04453x483S34a00483x483S34800512x483S10018482x542
K,,692,M515x520S10613487x480S10018485x490
king,,229,AS2ff00S15412S20a00S28809M544x517S2ff00482x482S15412489x462S20a00521x480S28809524x452
kitchen,,839,M521x521S10018491x491S10613493x480S20600479x479
knitting,,643,M534x539S10051504x461S10037466x471S2a426492x491
know,,586,M541x518S30007482x483S1f52c517x483S20500510x469
know,,759,M538x518S30007482x483S1f52c514x482S20600502x471
L,,181,AS10051S15a39M519x518S15a39480x483S10051489x497
L,,693,M533x573S34a00467x483S35c00497x483S20500500x562S15d39486x540S10051499x548
L,,694,M522x517S20500493x506S15d39479x484S10051492x492
Lamp,,531,M514x532S18521487x469S22a04494x488S14c53488x505
language,,101,M570x515S1dc02505x485S1dc0a465x485S26612430x492S26606540x493S2fb04493x509
Laptop,,466,M520x540S15a36488x528S15a52484x501S21400490x518S15a02484x461S2c500480x475
last week,"Theme: days, Theme: sheet Maureen",304,M537x549S14c00514x451S1005c519x519S36d00479x510S26604518x485
late,,56,M520x533S15a48480x470S1f550495x468S20e00505x486S22b04504x503
lecture,,58,M557x521S15a37534x498S26b01520x479S36d00479x512
leg,,82,M525x525S10e0c475x474S10002495x497S20600485x514
railway crossing,"level crossing, railway barriers",582,M550x530S10010535x470S10018450x470S37800541x498S37800456x497S2a401507x497S2a419462x497
Life : Alive,live,371,M518x553S2ff00482x482S1f50a461x528S26632439x537S26632439x549S26632440x545S21100479x535S27100394x538
Light,,532,M578x518S30007482x483S18511551x429S14c13513x464S22a03540x451
Lightening,,533,M550x548S10021506x453S2f900527x478S24a04529x492S10029458x463S2f900469x494S2fd04492x486S24a14450x501
lightning,,159,AS10020S24704S2f700S2ff00M553x545S10020524x459S2ff00482x482S24704527x493S2f700537x538
Lights shining down,shower,534,M525x564S14c04502x483S14c0c476x500S22a14480x480S22a04505x465S18502507x437S1850a478x453S22514478x534S22514502x516S22a14482x549S22a04508x531
like,,143,M515x517S20500485x503S20500497x490S15d01492x482S20500497x506
like,,174,M517x512S15a32490x488S20500482x501S20500492x501
Lion,,621,M541x518S21800465x478S2ff00482x483S15002510x489S1500a459x490S21800516x478
lion,,123,M554x518S33300482x483S36100481x482S15310539x492S15318449x492S2b700529x462S2b711454x464
lion,theme:ANIMAL,222,M566x531S2ff00482x482S14c01527x490S14c09448x489S26a05545x510S21803468x480S21801519x478S26a13433x509
lip-pattern,Theme: In Signing class,290,M518x549S2ff00482x482S11810493x522S2ee00492x496
little-bird,,140,M533x545S32c00482x482S1f021503x510S22134500x538
living room,,841,M520x536S15a39480x464S10051490x476S15a39485x501S10611493x508
living room,,842,M537x536S15a39482x464S10051492x476S20358463x503S20350522x503S22a14464x521S22a04523x521
London,,122,M543x527S30006482x482S10011522x497S2f000520x476
lottery,,851,M514x533S13320487x467S2a508493x500
luggage,,647,M552x543S23614446x514S23604513x514S20310523x494S20318457x495S36d00479x458S2fb04493x537
M,,16,AS18c51S15a37M519x519S15a37481x481S18c51493x493
M,,695,M534x579S34a00467x483S33b00498x483S20500494x568S15d39486x540S18c51496x546
M,,696,M518x520S20500490x509S15d39482x481S18c51492x487
MacDonald,,616,M532x515S18c50468x485S2940a488x485
Magic,,570,M535x556S18550510x541S18558468x540S14c50507x445S14c58466x448S26510487x504S26500504x505S26700514x489S26710473x488S2fb04494x528
Manchester,,756,M518x529S15a39483x472S18c51492x480S1ed10489x510
March,,847,M576x509S1f748479x493S1f740502x493S20e00465x494S20e00524x494S23618424x492S2360c537x492
marriage,"marry, wed",644,M531x535S14c59470x496S1d141485x465S21000511x499S26503494x522
match for fire,strike a match,485,M540x531S14c48460x495S1ea10489x510S1ea00517x469S2a601504x490
May,,848,M518x566S15a39483x435S18c51492x443S14c09488x477S20500487x471S15d28485x511S10020500x536
maybe,,35,M515x532S19a50487x468S2e230484x500
maybe,,803,M514x529S19a10486x472S2a530490x496
McDonalds,,566,M540x527S18d20504x502S18d28478x502S20500496x494S2890b515x482S28913461x481S2fb00494x473
me,,45,M515x515S10b43494x484S20500484x504
me - God,,584,M568x546S1004c491x500S10047537x471S20500499x535S22a07555x455S36d00479x490
meet,Theme: greetings and introductions,263,M550x515S10010501x485S10018484x485S20500496x487S26602520x499S26616450x499
sew,"stitch, sewing, sew by hand, mend",565,M538x524S15a57463x501S1ce10491x477S2e50d515x483S20e00478x484
Mexico,,646,M532x518S30001482x483S30007482x483S20500496x444S2df06509x444S2df0e473x444S16d10515x471S16d18469x471
Mickey mouse,,577,M540x518S2ff00482x483S15419469x471S15411507x470S20500459x495S20500471x495S20500519x496S20500530x496
million,,796,M518x527S15a39483x493S18c51492x501S26520495x473
mine,"my, Theme: family details",252,M521x518S36d00479x483S20500486x492S1f701492x496
Monday,"Theme: days, Theme: sheet Maureen",298,M525x517S15d39476x482S18c51486x491S20600503x485
Money,"two pounds, £2",517,M526x563S2c600507x519S30004482x483S20500495x519S10e20497x533
Money,"two pounds, £2",518,M526x563S2c600507x519S30004482x483S20500495x519S10e20497x533
monster,,32,M557x541S33300482x482S36100482x482S15020532x472S15028445x499S2f900540x509S2f900452x536
month,,846,M518x517S15a39483x483S18c51492x491
Mother,,243,M534x518S15a11511x478S30007482x483S20500494x467S20500508x464
Mother,,244,M541x518S30007482x483S18c11515x484S20500503x470S20500516x471
Mother,,245,M519x519S15a37481x481S18c51493x493
mouse,,214,M550x524S10050503x494S10058484x494S21100495x476S27100510x477S2711c451x476
mouse,theme:ANIMAL,223,M550x524S10050503x494S10058484x494S21100495x476S27100510x477S2711c451x476
nose,mouse,511,M544x531S33100482x483S10011502x501S20500521x486S20500534x486
mouse,,619,M528x546S33200482x483S10011507x505S20e00491x523S26a02476x519
mouth,,513,M537x541S2ff00482x483S10001516x511S2e307489x503
Mum,,242,M519x519S15a37481x481S18c51493x493
must,,20,M526x524S15a40514x476S15a48474x476S2fb04492x484S22a24496x509
N,,149,AS11551S15a39M519x516S15a39481x483S11551492x491
N,,697,M533x579S34a00467x483S35d00497x483S20500494x568S15d39486x540S11551499x546
N,,698,M520x520S20500488x509S15d39480x481S11551493x487
name,,125,M548x530S11501516x486S30007482x482S26500522x461S2df00527x509
name,,602,M560x518S30007482x483S11501516x489S11520545x444S26507525x466S20500512x475
name sign: Suzanne,,388,M552x531S33e00482x482S20320518x479S31400482x482S30007482x482S2dd30516x496S2dd31457x497S2dd30449x486S2dd37466x462S2dd3f493x459S2dd31512x467S2dd37518x504S29a04521x496
Nappy,,575,M546x534S20600453x491S36d00479x495S13f0a514x505S20600524x490S13f02471x505S36d00479x466S22112531x508S22116462x507
near,,158,M526x529S10008473x496S1005e486x488S2df08505x508S26500495x470
nephew,niece,824,M520x518S15a39484x483S11551493x491S20600480x507
nest,,178,AS15004S1500cS2b705S2b714S15050S15058M530x548S15004501x453S1500c471x453S15058470x517S15050504x517S2b705513x489S2b714473x489
New,,171,M518x524S15a06481x497S15a00492x497S22a00505x475
new,,33,M516x528S15a06484x497S15a00493x501S22a00503x473
new,theme: cards,425,M524x523S15d0a477x483S15d08482x495S22b00508x477S21100509x509
new york,,642,M528x534S15a36484x481S19a50472x467S26606483x495S26602482x506S26606483x518S21100515x480
Newcastle,,757,M518x528S15a39482x472S11551491x480S1ed10489x509
next week,"Theme: days, Theme: sheet Maureen",305,M543x548S36d00479x543S14c20520x517S10050524x452S26600523x484
night,,610,M553x583S35d00482x483S15a06526x570S22d15485x535S22d03478x535S15a02447x571
number,Nine,323,M515x511S14402484x489
Nine,Nmber 9,666,M516x511S14402485x489
NINE,NUMBER  9,667,M516x511S14402485x489
Numbers Nine,nine 9,346,M515x511S12d02485x488S26632485x505
Number nine,nine 9,347,M518x507S26632481x504S26632481x496S26632481x500S20100503x492S26632482x492
Number nine,nine 9,348,M518x507S26632481x504S26632481x496S26632481x500S20100503x492S26632482x492
nine pounds,£9,815,M541x540S30004482x483S14402494x518S26500527x516
nine pounds,£9,820,M528x538S30004482x483S18e02481x518S26500514x518
no,,124,M516x521S12b20487x479S22a04500x499S22104484x503S2f900500x516
not happy,,750,M526x585S15d39483x562S15d51503x545S26a03475x536S20e00490x530S30122482x476
not-allowed,,51,M542x598S2ff00482x482S27126492x440S1dc32512x552S1dc3a462x552S22f04502x574S22f14475x574S2fb04492x592
not-at-all,,119,M520x618S33b00482x482S27126491x442S15a20482x545S26702474x590S26706478x577S26706478x602
number,,18,M518x534S30004482x482S1f700493x519S20500480x515
number,,129,M518x548S30004482x482S1f700493x519S20600490x537
number,seven,321,M515x507S10002485x492
number,seven,322,M515x507S10002485x492
number,one,325,M507x515S10000492x485
number,three,327,M507x515S18c00492x485
Number : three,Three,339,M507x515S18c00492x485
number ten 10,ten,349,M530x516S14c00507x484S14c08470x485
Number: three,Three,338,M507x515S18c00492x485
Number; Seven 7,Seven,344,M515x512S1f502500x488S26930484x497
Numbers,,380,
numbertwo,,326,M507x515S11500492x485
Occupation. Career.,Nurse,421,M537x523S2330a461x493S36d00479x478S10002492x492S37605480x482S20e00478x486
nurse,Theme: practice makes perfect DVD,284,M537x523S2330a461x493S36d00479x478S10002492x492S37605480x482S20e00478x486
nurse,,614,M523x523S37802479x479S36d00479x477S20e00478x486S10002493x491S2330a463x493
Old MacDonald had a farm,nursery rhyme,588,
O,,97,AS14c09S20500M519x514S14c09482x487S20500509x490
O,,699,M532x574S34400469x483S34600496x483S1db18480x530S10011511x544S20500507x530
O,,700,M526x522S20500501x478S10011505x492S1db18474x478
O,,725,M529x516S14c39472x487S20500502x484S10051499x495
OK,,835,M515x525S17610499x475S14020485x495
old,,609,M518x538S2ff00482x483S11800497x493S22a04498x523
on-paper,,166,M513x519S15a08487x488S15a01490x496S20500500x481
one pound,£1,807,M518x548S30004482x483S10000487x518S26500504x519
onion,,28,M538x571S2ff00482x482S10001517x508S29204516x540
open the door,,494,M520x526S15a10480x475S1fa1e502x479S2df03501x502
window,open the window,499,M522x529S15a02495x504S15a06489x517S20600490x491S23604479x472
open the window,,500,M515x525S15a02488x498S15a06486x513S22a00498x476
open-question,,87,M518x517S30c00482x482
Oral,,587,M540x546S33b00482x483S11000492x519S2e500517x501
Rainbow,"overhead, over the head",364,M577x543S2ff00482x482S14c22427x520S14c36546x519S28b19444x461S28b2b523x462
P,,94,AS1ce10S10018M513x524S10018487x494S1ce10491x475
P,,314,M523x522S10019477x492S1eb10499x486S20500489x478
P,,701,M533x573S35000468x483S34800497x483S10018490x543S20500481x532S17710492x535
P,,702,M516x521S17710496x483S20500485x480S10018494x491
P,,724,M516x523S10028484x493S20500498x477S17610500x490
P,,830,M514x519S10018487x489S1eb10490x482
paper,,170,M518x515S20340503x485S20348483x485S20600491x504
parents,,107,M522x530S11551495x505S11559478x505S18c51484x476S15a37478x469
Park car,Park vehicle,467,M520x518S20500481x497S15a36493x506S11e41492x482
Silent night,part 2,591,
Silent Night,part 3,592,
penny,pence,806,M514x519S10018487x489S1eb10490x482
Penguin,,617,M546x526S36d00479x480S15a51454x501S15a59521x503S36f50454x475S36f54525x477S36f54465x476S36f50536x476
Perfect,,633,M534x516S1ce10512x486S1ce18467x485
Phrase,"Practice Makes Perfect, Sign language group",420,
pig,,215,M547x517S2ff00482x482S20310492x493S2e500524x487
pig,theme:ANIMAL,224,M547x517S2ff00482x482S20310492x493S2e500524x487
plant,theme: contact symbols,398,M524x539S16d4a478x499S21000504x516S17630480x523S22b00506x474S14c00476x461
please,"thanks, Theme: greetings and introductions",267,M530x539S33e00482x482S15d00494x512S26600514x508S20500483x514
pleased,Theme: greetings and introductions,262,M525x558S15d01502x535S21100484x534S33e00482x482
police,,503,M521x520S1ed10478x501S36d00479x480S20600480x488
postage,stamp,480,M521x598S33b00482x483S11501496x506S20500488x521S26604494x526S11539485x560S1155f493x562S20500496x587
poster,,481,M556x543S26510445x528S1f720506x476S22c04509x500S26500542x475S26500540x527S26510446x475S1f728472x476S22c14470x501S2fb04493x457
Practice,,631,M519x531S15a50482x495S15a50496x504S20e00497x489S26500491x470S26500505x470
practice makes perfect,"Theme: practice makes perfect DVD, Theme: poster",281,
presentation,,42,M557x521S15a37534x498S26b01520x479S36d00479x512
presentation,,117,M545x517S15a10523x486S30006482x482S26b00518x464
printed-material,,67,M536x531S15a07464x491S14451485x468S22b04489x501S22b04504x501S22b04520x501
purple,,636,M520x514S11a57480x487S21800502x497
purple,,845,M514x524S10018487x494S1eb10490x487S21d00486x477
Q,,120,AS10620S1ce18S20a00M523x528S1ce18477x472S10620496x502S20a00505x484
Q,,703,M548x572S35d04452x483S35700482x483S34600512x483S20500487x561S17614483x540S10021492x550
Q,,704,M520x516S20500485x505S17614481x484S10021490x494
queen,,356,M571x518S2ff00482x483S15312486x464S10020525x487S20f00545x503S22f00546x483
question,,821,M520x526S29f0c501x493S1ce20481x474
R,,135,AS10641S15a39M517x517S15a39483x483S10641494x489
R,,705,M522x577S34c00482x483S15d39482x541S20500512x547S10641493x549
R,,706,M520x518S20500510x488S15d39480x482S10641491x490
rabbit,,216,M527x517S2ff00482x482S11520510x463S11528474x464S22214506x456S22214471x455
rabbit,theme:ANIMAL,225,M527x517S2ff00482x482S11520510x463S11528474x464S22214506x456S22214471x455
rain,,138,M551x534S22b03499x491S2fb04479x528S22b03508x500S22b13448x487S22b13458x495S14c57525x471S14c59474x467
rainbow,,660,M544x560S16d21451x537S2ff00482x483S16d27524x540S28b0a478x525
Rainbow,,556,M538x529S14409462x500S14402487x491S28b0a494x471
reason,,78,M521x571S20500497x556S36d00479x539S10011472x541S30314482x477
recently,,75,M538x567S31300483x482S36d00479x533S18207518x542S20500528x533
recently,Theme: sheet Maureen,297,M540x517S2ff00482x482S15d00521x490S22214517x484
red,,634,M531x549S2ff00482x483S10002501x511S20500495x507S26602480x533S21100493x520
religion,theme: contact symbols,395,M520x529S15a10500x502S15a18487x502S20500495x491S26f20480x471
Responsibility,,625,M554x539S36d00479x505S18211518x486S18219487x516S20500507x491S20500508x513S2c300519x460S2c311517x516S2fb06548x502
Rhino,,618,M542x518S33100482x483S1fb10525x497S2d200516x465
rights,,93,AS15a1fS20500S36d00M521x518S36d00479x483S20500493x495S15a1f472x495
road,,105,M535x535S1153c496x465S11554466x485S26605486x513S26615513x493S2fb04486x498
roof,,560,M531x518S2ff00482x483S15a11508x472S15a19467x472S2fb00491x448
S,,147,AS19821S19809S20800M520x519S19809480x480S19821500x492S20800510x482
S,,707,M533x575S34a00467x483S36100497x483S19821494x548S1980a475x533S20700509x530
S,,708,M521x524S20700503x476S1980a479x482S19821498x497
S,,723,M519x521S19a09481x484S10020503x491S20500509x479
sad,,752,M518x539S2ff00482x483S15a10494x493S22a04493x524
Sail Boat,Sailing,452,M540x526S15a40461x494S15a10474x481S20500464x483S15a49492x502S15a41517x503S20500511x492S22f20505x475
same,too,641,M524x515S10028476x485S10020509x485S20500496x495
same,,754,M535x515S10058483x485S10050502x485S26516466x501S26502520x500
Saturday,"Theme: days, Theme: sheet Maureen",303,M536x520S37605479x482S15d01504x497S20500493x495S36d00479x480
Saturday,,743,M521x563S19209484x438S19221502x450S20800511x437S14c09490x484S20500489x478S15a39479x518S10041493x533
school,,753,M509x533S11520492x468S29904495x501
school,,850,M528x539S2ff00482x483S15a01505x500S22f03502x518
Scotland,,53,M523x516S20310478x484S26a02509x489
scratching elbow,,194,M529x530S37602487x470S1773e478x510S22000495x501S20e00470x500
sea,,657,M562x542S2dd00438x487S14c58470x511S2dd08520x487S14c50508x511S22510451x466S22510527x464S2fb00492x459
second,,386,M528x515S10e00513x485S10e20472x485S26506493x500
see,,121,M552x537S32405482x482S10000510x507S26605530x511
see,watch,755,M530x523S31400482x483S10e10509x493S26500516x474
servant,,475,M526x546S2fb00491x454S26503503x465S26507502x484S26511481x464S26515479x482S2f900493x505S15a37503x509S15a31474x523
seven pounds,£7,813,M528x544S30004482x483S1b000492x518S26500514x519
seven pounds,£7,818,M528x540S30004482x483S1de02481x518S26500514x518
shake-head,,161,M518x517S2ff00482x482S27126492x440
wash hair,"shampoo, theme: contact symbols",403,M550x517S2ff00482x482S21100509x484S21100476x484S15011522x472S15019447x472
wash hair,shampoo hair,526,M542x518S30000482x483S15011512x462S15019457x460S2ea02517x444S2ea1a457x440
shape of bicycle seat,,487,M534x546S10050504x456S10058481x455S2880b503x491S28813477x491S28d0c510x513S28d14467x513
window,shape of the window,502,M550x526S10050535x482S10058450x479S27a02502x484S27a1a469x484S20500494x474S20500494x515
shark,,445,M521x531S15a10509x469S29c27490x501S16257480x488S20a00488x472
sheep,theme:ANIMAL,226,M545x594S18502519x526S1850a468x527S17d02513x571S17d0a473x571S26a00507x553S34800482x482S20e00457x578S20e00533x578S26a10467x554
sheep,,661,M544x518S30007482x483S19200520x492S2ea00529x467
sheep,,662,M544x518S30007482x483S19200519x492S2ea00529x467S2fb05484x484S19208460x492S2ea18465x461
sheets,,390,M528x526S15d08473x499S19a20471x473S22b04494x485S22b04512x485
workshop,"work, shop",603,M549x563S15a49489x466S15a41497x438S20601485x457S16d40504x508S16d48480x508S16d46529x545S16d4e452x544S26501529x526S26517461x522
sign,,66,AS14c10S14c18S2ea00S2ea4cS2f900M522x536S14c10499x463S14c18478x475S2f900501x531S2ea00506x498S2ea4c484x510
sign,Theme: In Signing class,288,M546x533S14c40514x502S14c48462x467S23600507x480S23614455x504
sign,signing,640,M522x537S14c10499x464S14c18478x476S2f900501x532S2ea00506x499S2ea4c484x511
sign,,746,M523x537S14c40499x464S2ea00506x500S2ea4c484x512S14c48477x477
song,sign a rainbow,370,
SignWriting,Theme: poster,312,M532x565S14c40490x435S14c48467x444S2ea00495x472S2ea4c476x485S15d39471x523S1eb50468x546S2dd0f501x506S20e00491x537
silent,Words for Silent night Part 1,590,M527x559S1ce10503x500S1ce18477x500S36100482x483S2911e474x530S29106494x531
Silent Night,Silent night Part 1,589,
Silent Night,verse 2,601,
Sing a rainbow,"sing, singing",362,M575x533S2ff00482x482S10e08453x502S10e30526x503S2a801551x464S2a810428x463
sing,,629,M575x534S2ff00482x483S10e08453x503S10e30526x504S2a801551x465S2a810428x464
single,,192,M512x551S1bb30487x450S14c30488x520S22b04492x485
sister,"Theme: family, Theme: sheet Maureen",306,M546x534S10610524x508S33200482x483S20600524x497
sister,,307,M530x536S20600508x516S33200482x482S10610489x510
sister,,308,M542x526S33100482x482S10610489x500S20600520x498
sister,,309,M518x541S33100482x482S10610489x500S20600486x530
sister,"Theme: family, Theme: sheet Maureen",311,M545x524S33100482x482S10a10492x498S20600523x495
sister,,606,M535x537S10610508x511S2ff00482x483S20500495x496S20500525x485S20500524x499
sister,,612,M535x537S10610508x511S2ff00482x483S20500495x496S20500525x485S20500524x499
sit on a chair,,491,M521x521S11559480x496S20900494x479S11850498x494
six pounds,£6,812,M533x537S30004482x483S19200496x518S26500519x519
six pounds,£6,817,M522x542S30004482x483S1f502492x518S26500508x518
skinny,"thin, slim",731,M518x569S32c00482x483S19210488x517S22b04492x539
smash-down,,90,M509x550S10028492x450S22e04492x493S1000c491x520
smile,,732,M518x518S33e00482x483
snake,theme:ANIMAL,227,M543x527S21900528x489S11550528x497S33200482x482
soon,,64,M557x546S31500482x482S18536525x521S20e00545x518
sorry,,254,M521x550S1f702500x530S21100483x529S2ff00483x482S36d00479x519
South Africa,,48,M607x626S34c00510x483S15d20521x530S28a0b545x548S18526557x585S37a06461x624S37a06519x624S36500540x483S35d04571x483S36100393x483S35d00451x483S34600422x483S15d1c452x542S22a04451x579S37a06403x623
stare,,92,M569x517S31a00482x482S10e42526x465S22e04552x485
start,,100,M549x528S30005482x482S10612516x509S2c300523x480S20500506x517
start,,142,M525x525S15a48474x475S1f540504x476S2df00504x504
start,,352,M523x528S15d0a478x500S1f540482x472S20e00508x482S22b04507x498
stay,,114,M532x603S32104482x482S1ec52509x552S1ec5a469x553S2fb04491x597S22f04507x578S22f14464x580
Stop,,585,M506x514S15a20494x487
weather,"wind , storm",559,M527x597S14c4f452x530S14c41487x528S28816469x559S2881e468x574S2880e505x576S28806505x558S2fb04491x591S34600482x483
Sunday,"Theme: days, Theme: sheet Maureen",292,M513x521S15a10501x494S15a18487x494S20500488x480S20500501x479
Switzerland,,576,M521x537S36d00479x464S16d02492x483S23304489x511
T,,77,AS10051S15a49M522x515S15a49478x484S10051492x494
T,,709,M533x577S35d00467x483S34800497x483S15d09478x532S10011494x547
T,,710,M519x523S10011498x493S15d09482x478
T,,726,M523x519S15d39477x481S10b11493x498S20500488x504
table,,489,M559x519S23d1c451x485S23d04523x484S15c12550x482S15c14503x481S15c1c484x481S15c1a441x482
turn on the tap,tap,652,M549x542S15052485x516S2df0c528x512S3780a516x492S37802517x461S36d00479x459
Teacher,Theme: poster,317,M560x522S2ff00482x482S10010519x467S10018465x467S27200520x502S27214442x503
technology,,175,M528x526S14e01500x499S14e09473x493S20710483x473
telephone,,7,AS19a02S2ff00M535x517S2ff00482x482S19a02515x488
telephone,,9,M532x531S2ff00482x482S20320517x487S2033a487x516
tell-off,,137,M570x557S32105482x482S10010517x527S26f05540x525
ten,,46,M526x515S14c00503x484S14c08474x484
ten pounds,£10,816,M522x533S30004482x483S20302492x518S26500508x518
test val,,331,M518x517S30a00482x482S33b00482x482
year,theme: cards,427,M514x523S15d28486x476S10020499x493
wash face,theme: contact symbols,404,M534x524S2ff00482x482S21100521x491S21100465x489S15a01509x501S15a09467x501
with,"together, theme: contact symbols",409,M526x520S11501501x493S13f0f475x488S20800497x480
yesterday,"Theme: days, Theme: sheet Maureen",293,M527x525S10000511x475S36d00479x484S26904511x507
tomorrow,"Theme: days, Theme: sheet Maureen",295,M524x524S30006482x483S10000506x494S26900508x465
tomorrow,"Theme: days, Theme: sheet Maureen",296,M524x524S30006482x483S10000506x494S26900508x465
Tuesday,"Theme: days, Theme: sheet Maureen",299,M525x515S15d48474x487S10002495x500S20600496x485
Wednesday,"Theme: days, Theme: sheet Maureen",300,M530x522S14c11504x495S14c19471x495S20710484x477
Thursday,"Theme: days, Theme: sheet Maureen",301,M526x548S15d48474x453S10002494x468S20500496x453S15d39481x504S15d51473x525S20e00492x525S26607504x504
your,Theme: family details,253,M510x521S1f720490x506S26500496x488S2f900497x478
where?,Theme: family details,280,M540x581S15d30518x536S15d38461x537S30a00482x482S2eb02508x565S2eb1a457x566
you,Theme: greetings and introductions,268,M507x521S10040492x491S26500493x479
what?,Theme: greetings and introductions,269,M559x570S10020514x533S27206540x530S30c00482x488S30300482x477
Theme: numbers,,283,M508x508S17610492x492
workshop,Theme: poster,313,M549x563S15a49489x466S15a41497x438S20601485x457S16d40504x508S16d48480x508S16d46529x545S16d4e452x544S26501529x526S26517461x522
Where,Theme: poster,315,M546x567S30a00482x488S30300482x477S14c30503x532S14c38471x532S26a16454x540S26a02532x538
when,Theme: poster,316,M545x529S30a00482x488S30300482x477S14c10520x498S22620519x489S30006482x488
Theme: poster,,320,
today,Theme: sheet Maureen,291,M538x521S15d30519x478S15d38462x478S22f04512x507S22f14463x507
tiger,theme:ANIMAL,228,M540x549S15358476x489S15350525x524S2ba00509x486S2ba10459x450
Theme:Numbers,two,249,M507x515S10e00492x485
they,,185,M536x525S10050465x475S10057515x495S2d608488x487
third,,8,M509x515S18600491x485
three,,165,M509x515S18600491x485
three pounds,£3,809,M525x548S30004482x483S18600491x518S26500511x519
toilet,,760,M542x532S1c502508x469S23600503x515S21100516x501S36d00479x468
toilet,,843,M522x523S15a39478x478S10041492x493S20600500x488
train,,27,M545x524S20340530x509S36d00479x498S2bd00524x477
train,,106,M542x525S20340527x510S26600526x476S36d00479x497
train,,132,M540x530S20340523x483S36d00479x470S2ea00525x505
tram,,2,M542x583S20340512x542S2eb32510x567S2f700510x575S2ff00482x482
tram,,139,M563x566S10056518x551S2ff00482x482S11010545x481S26600547x449
tree,,146,M523x539S14c10500x460S2e200499x495S10056477x524
trillion,,798,M518x534S15a39483x489S10041497x504S26520495x467
Turn doorknob,,497,M513x531S15020487x470S2a208490x503
twenty,,116,M518x515S10e00482x485S17610502x499
two,,180,M507x515S10e00492x485
two pounds,£2,808,M518x548S30004482x483S10e00487x518S26500504x519
U,,25,AS14c09S20500M517x514S14c09482x487S20500507x500
U,,711,M533x578S10011498x548S20500495x534S35700467x483S34600497x483S18a18473x534
U,,712,M523x522S10011502x492S20500499x478S18a18477x478
uncle,,823,M524x514S14c09476x487S20600502x501
V,,22,AS10e51S15a39M518x516S15a39482x483S10e51488x491
V,,713,M533x575S20500486x564S34800497x483S15d39482x537S10e51488x546S36500467x483
V,,714,M518x519S20500486x508S15d39482x481S10e51488x490
vegetable,vegetarian,829,M521x518S15a39486x482S10e51491x490S20600480x507
W,,62,AS14c11S14c19S20700M527x522S14c11501x495S14c19473x495S20700491x478
W,,715,M592x581S35d00408x483S34c00438x483S35000468x483S35c00497x483S35700527x483S34600556x483S14c11475x537S14c19456x536S20700469x566
W,,716,M523x523S20700491x508S14c19478x478S14c11497x479
Wales,,71,AS18720S22a04S18b20S2ff00M544x563S2ff00482x482S18720525x483S22a04528x515S18b20524x533
walk,,649,M534x518S11812507x483S26602466x486S22520485x505
Wash a car,wash windows,473,M542x535S1f720517x477S1f728467x514S2e600513x502S2e618458x465
we,,638,M513x515S10e01488x485
we-exclusive,,108,M538x524S10042461x477S10054523x494S2d604483x509
we-inclusive,,103,M551x527S10051503x473S10059468x473S2d60a528x498S2d612448x498S2fb04491x521
Weather,winter,324,M540x515S15020515x484S15028460x484
welcome,,413,M534x559S33e00482x482S31400482x482S15d30512x533S15d38467x533S22130502x526S22130464x525
what,,89,M534x560S30c00482x482S10020512x530S27106519x506
wheelchair,wheels go round,493,M557x541S10012526x497S2ea00542x516S1001a444x497S2ea18444x516S36d00479x495S36d00480x459
where,,1,AS14c31S14c39S2e806S2e81eS30c00M546x569S30c00482x482S14c31512x523S14c39465x524S2e806514x554S2e81e455x554
where,,31,AS14c38S14c30S26a02S26a16S36e00S30300S30a00M548x576S30a00482x488S30300482x477S14c30505x541S14c38473x541S36e00477x522S26a02534x547S26a16456x549
where,,182,M530x606S30a00482x488S30300482x477S14c30505x541S14c38473x541S36e00477x522S2ea32505x579S2ea46470x579S2fb04493x600
which,,744,M552x576S30c00482x483S19a50524x514S2710a531x536
who,,13,M557x562S30c00482x482S10000512x532S2ea06532x522
why,,111,M521x564S30c00481x482S36d00479x532S10011472x534S20500497x549
Wife,,607,M524x548S14c59486x480S1d151499x452S20500486x514S15a57490x516S15a51500x525S21000477x464
will,,68,M537x548S32100482x482S20320520x508S22e04520x530
work,,188,M537x532S15a41510x500S15a49487x483S20500475x468S20500462x468S22f04512x518
work,,389,M516x541S15a49491x518S15a41493x459S20601488x506S22a04484x487S22a04498x487
work group,,416,M547x556S15a49496x472S15a41504x444S20601492x463S16d40506x511S16d48475x511S2ec22454x539S2ec0a507x541
workshop,work group,417,M547x556S15a49496x472S15a41504x444S20601492x463S16d40506x511S16d48475x511S2ec22454x539S2ec0a507x541
"Worksheet: left, right or both?",,372,
"Worksheet: left, right or both? 2",,373,
"Worksheet: left, right or both? 2 Answers",,412,
Worksheet: location,,411,
Worried,,605,M549x518S15011521x486S2ff00482x483S2f300514x461
Write,"write down, writing",578,M540x571S15a37488x538S1eb20508x550S20500500x560S27123512x522S32407482x483S33b00482x483
X,,156,AS10011S10019M517x515S10019483x485S10011496x485
X,,717,M548x571S34a00452x483S35d04482x483S36100512x483S10011486x541S10019473x541
X,,718,M517x515S10019483x485S10011496x485
Y,,141,AS10020S15d28M514x527S15d28485x473S10020499x497
Y,,719,M549x585S34600452x483S34c00483x483S34800513x483S10020509x555S15d28496x536
Y,,720,M514x525S15d28486x476S10020499x495
year,,828,M523x528S15d28477x472S10020492x497S22a04510x513S20e00510x498
yellow,,635,M522x541S14c58478x460S10020496x484S20500499x482S20500512x482S22b14481x511
yellow,,827,M529x528S15d28471x473S10020486x498S22f04504x514S20e00510x499
yes,,110,M518x523S30334482x477
yes,,193,M513x518S20320490x503S26a04486x482
Yes,,504,M509x519S20320493x481S22e04492x501
Yorkshire,,19,M572x517S32107482x482S11e21524x453S2e500549x476
you,,40,M509x526S10040490x496S26500495x473
you-children,,183,M555x580S32104482x482S10041442x550S10047525x557S2d608482x542
Z,,59,AS18210S15a18M518x516S15a18482x484S18210495x501
Z,,721,M548x572S36100453x483S35d00512x483S34a00482x483S15d18475x541S18010496x557
Z,,722,M525x516S18010495x501S15d18475x485
zero,,737,M508x508S17610492x492
zoo,,844,M525x533S15a18482x467S18210495x482S14c09475x506S20600503x511
