segment_id,segment_class,hamnosys_1_initial_configuration,hamnosys_2_basic_handshape,hamnosys_3_handshape_modifications,fsw,signwriting_1,signwriting_2
seg00001,handshape,Selected fingers,0_finger(Fist),(Selected Fingers extended),S1f5,񅯣,񅯡
seg00002,handshape,Selected fingers,0_finger(Fist),(Selected Fingers extended),S1f7,񅲱,񅳁
seg00003,handshape,Selected fingers,0_finger(Fist),(Selected Fingers extended),S1f8,񅴑,
seg00004,handshape,Selected fingers,0_finger(Fist),(Selected Fingers extended),S203,񆄱,񆅁
seg00005,handshape,Selected fingers,0_finger(Fist),(Selected Fingers bent),S1f9,񅵱,
seg00006,handshape,Selected fingers,0_finger(Fist),(fistDerivation),S1fb,񅸱,
seg00007,handshape,Selected fingers,0_finger(Fist),(fistDerivation),S1fc,񅺡,񅺑
seg00008,handshape,Selected fingers,0_finger(Fist),(fistDerivation),S1fd,񅼁,񅻱
seg00009,handshape,Selected fingers,0_finger(Fist),(fistDerivation),S1ff,񅾱,
seg00010,handshape,Selected fingers,0_finger(Fist),(fistDerivation),S200,񆀑,
seg00011,handshape,Selected fingers,0_finger(Fist),(fistDerivation),S201,񆁱,
seg00012,handshape,Selected fingers,1_finger,(Selected Fingers extended),S100,񀀁,
seg00013,handshape,Selected fingers,1_finger,(Selected Fingers extended),S101,񀁱,
seg00014,handshape,Selected fingers,1_finger,(Selected Fingers extended),S103,񀄱,
seg00015,handshape,Selected fingers,1_finger,(Selected Fingers extended),S108,񀌑,
seg00016,handshape,Selected fingers,1_finger,(Selected Fingers extended),S192,񃛑,񃛁
seg00017,handshape,Selected fingers,1_finger,(Selected Fingers extended),S193,񃜱,
seg00018,handshape,Selected fingers,1_finger,(Selected Fingers extended),S19a,񃧑,񃧁
seg00019,handshape,Selected fingers,1_finger,(Selected Fingers extended),S1ae,񄅑,
seg00020,handshape,Selected fingers,1_finger,(Selected Fingers extended),S1c6,񄩁,񄩑
seg00021,handshape,Selected fingers,1_finger,(Selected Fingers extended),S1dc,񅊑,񅊡
seg00022,handshape,Selected fingers,1_finger,(Selected Fingers extended),S1de,񅍑,
seg00023,handshape,Selected fingers,1_finger,(Selected Fingers extended),S1df,񅎱,
seg00024,handshape,Selected fingers,1_finger,(Selected Fingers extended),S1e0,񅐁,񅐑
seg00025,handshape,Selected fingers,1_finger,(Selected Fingers flattened),S10c,񀒑,
seg00026,handshape,Selected fingers,1_finger,(Selected Fingers flattened),S1f2,񅫁,
seg00027,handshape,Selected fingers,1_finger,(Selected Fingers flattened),S1f3,񅬱,
seg00028,handshape,Selected fingers,1_finger,(Selected Fingers bent),S106,񀉑,
seg00029,handshape,Selected fingers,1_finger,(Selected Fingers bent),S10a,񀏑,
seg00030,handshape,Selected fingers,1_finger,(Selected Fingers bent),S198,񃤑,
seg00031,handshape,Selected fingers,1_finger,(Selected Fingers bent),S1e1,񅑱,񅑡
seg00032,handshape,Selected fingers,1_finger,(Selected Fingers bent),S1e2,񅓁,
seg00033,handshape,Selected fingers,1_finger,(Selected Fingers bent),Missing,,
seg00034,handshape,Selected fingers,1_finger,(Selected Fingers bent),Missing,,
seg00035,handshape,Selected fingers,1_finger,(Selected Fingers Hooked),S1ea,񅟑,񅟁
seg00036,handshape,Selected fingers,2_nonspread,(Selected Fingers extended),S115,񀟱,
seg00037,handshape,Selected fingers,2_nonspread,(Selected Fingers extended),S12d,񁃡,񁃱
seg00038,handshape,Selected fingers,2_nonspread,(Selected Fingers extended),S1b5,񄏱,
seg00039,handshape,Selected fingers,2_nonspread,(Selected Fingers flattened),S119,񀥱,
seg00040,handshape,Selected fingers,2_nonspread,(Selected Fingers flattened),S132,񁋑,
seg00041,handshape,Selected fingers,2_nonspread,(Selected Fingers flattened),S13e,񁝑,
seg00042,handshape,Selected fingers,2_nonspread,(Selected Fingers bent),S110,񀘑,
seg00043,handshape,Selected fingers,2_nonspread,(Selected Fingers bent),S118,񀤑,
seg00044,handshape,Selected fingers,2_nonspread,(Selected Fingers bent),S121,񀱱,
seg00045,handshape,Selected fingers,2_nonspread,(Selected Fingers Hooked),None,,
seg00046,handshape,Selected fingers,2_nonspread,2finger_differshape,S116,񀡑,
seg00047,handshape,Selected fingers,2_nonspread,2finger_differshape,S11a,񀧑,񀧁
seg00048,handshape,Selected fingers,2_nonspread,2finger_differshape,S11d,񀫡,
seg00049,handshape,Selected fingers,2_nonspread,2finger_differshape,S126,񀹑,
seg00050,handshape,Selected fingers,2_spread,(Selected Fingers extended),S10e,񀕁,
seg00051,handshape,Selected fingers,2_spread,(Selected Fingers extended),S11e,񀭁,
seg00052,handshape,Selected fingers,2_spread,(Selected Fingers extended),S125,񀷱,
seg00053,handshape,Selected fingers,2_spread,(Selected Fingers extended),S19c,񃪑,
seg00054,handshape,Selected fingers,2_spread,(Selected Fingers extended),S1a0,񃰑,
seg00055,handshape,Selected fingers,2_spread,(Selected Fingers extended),S1b0,񄈑,
seg00056,handshape,Selected fingers,2_spread,(Selected Fingers extended),S1b4,񄎑,
seg00057,handshape,Selected fingers,2_spread,(Selected Fingers extended),S1cb,񄰱,
seg00058,handshape,Selected fingers,2_spread,(Selected Fingers flattened),S112,񀛑,
seg00059,handshape,Selected fingers,2_spread,(Selected Fingers flattened),S123,񀴱,
seg00060,handshape,Selected fingers,2_spread,(Selected Fingers bent),S110,񀘑,
seg00061,handshape,Selected fingers,2_spread,(Selected Fingers bent),S121,񀱱,
seg00062,handshape,Selected fingers,2_spread,(Selected Fingers bent),S122,񀳑,
seg00063,handshape,Selected fingers,2_spread,2finger_differshape,S126,񀹑,
seg00064,handshape,Selected fingers,2_spread,2finger_differshape,S140,񁠑,
seg00065,handshape,Selected fingers,2_spread,2finger_differshape,S142,񁣑,
seg00066,handshape,Selected fingers,3_nonspread,extended,S18e,񃕑,
seg00067,handshape,Selected fingers,3_nonspread,flattened,None,,
seg00068,handshape,Selected fingers,3_nonspread,bent,None,,
seg00069,handshape,Selected fingers,3_nonspread,hooked,None,,
seg00070,handshape,Selected fingers,3_nonspread,3finger_differshape,None,,
seg00071,handshape,Selected fingers,3_spread,extended,S18f,񃖱,
seg00072,handshape,Selected fingers,3_spread,extended,S1a4,񃶁,
seg00073,handshape,Selected fingers,3_spread,extended,S1ab,񄀱,
seg00074,handshape,Selected fingers,3_spread,extended,S1c4,񄦑,
seg00075,handshape,Selected fingers,3_spread,flattened,None,,
seg00076,handshape,Selected fingers,3_spread,bent,S190,񃘑,
seg00077,handshape,Selected fingers,3_spread,hooked,None,,
seg00078,handshape,Selected fingers,3_spread,3finger_differshape,None,,
seg00079,handshape,Selected fingers,4_nonspread,(Selected Fingers extended),S147,񁪱,񁫁
seg00080,handshape,Selected fingers,4_nonspread,(Selected Fingers extended),S15a,񂇁,񂇑
seg00081,handshape,Selected fingers,4_nonspread,(Selected Fingers extended),S15d,񂋱,񂋡
seg00082,handshape,Selected fingers,4_nonspread,(Selected Fingers flattened),S14b,񁰱,
seg00083,handshape,Selected fingers,4_nonspread,(Selected Fingers flattened),S180,񃀑,񃀁
seg00084,handshape,Selected fingers,4_nonspread,(Selected Fingers flattened),S182,񃃑,
seg00085,handshape,Selected fingers,4_nonspread,(Selected Fingers bent),S149,񁭱,
seg00086,handshape,Selected fingers,4_nonspread,(Selected Fingers bent),S168,񂜑,
seg00087,handshape,Selected fingers,4_nonspread,(Selected Fingers bent),S16e,񂥑,
seg00088,handshape,Selected fingers,4_nonspread,(Selected Fingers bent),S170,񂨑,
seg00089,handshape,Selected fingers,4_nonspread,(Selected Fingers bent),S171,񂩱,
seg00090,handshape,Selected fingers,4_nonspread,(Selected Fingers Hooked),S202,񆃑,
seg00091,handshape,Selected fingers,4_nonspread,4finger_differshape,S1d7,񅂱,
seg00092,handshape,Selected fingers,4_spread,(Selected Fingers extended),S144,񁦁,񁦡
seg00093,handshape,Selected fingers,4_spread,(Selected Fingers extended),S14c,񁲁,
seg00094,handshape,Selected fingers,4_spread,(Selected Fingers flattened),S146,񁩑,
seg00095,handshape,Selected fingers,4_spread,(Selected Fingers flattened),S158,񂄑,
seg00096,handshape,Selected fingers,4_spread,(Selected Fingers flattened),S159,񂅱,
seg00097,handshape,Selected fingers,4_spread,(Selected Fingers bent),S145,񁧱,
seg00098,handshape,Selected fingers,4_spread,(Selected Fingers bent),S14e,񁵑,
seg00099,handshape,Selected fingers,4_spread,(Selected Fingers bent),S150,񁸑,
seg00100,handshape,Selected fingers,4_spread,(Selected Fingers Hooked),None,,
seg00101,handshape,Selected fingers,4_spread,4finger_differshape,S157,񂂱,
seg00102,handshape,Selected fingers,4_spread,4finger_differshape,S1a7,񃺱,
seg00103,handshape,Selected fingers,4_spread,4finger_differshape,S1c5,񄧱,
seg00104,handshape,Thumb Opposition,1fin_othersFist,(fingers rounded),S199,񃥱,
seg00105,handshape,Thumb Opposition,1fin_othersFist,(fingers rounded),S1e5,񅗱,
seg00106,handshape,Thumb Opposition,1fin_othersFist,(fingers rounded),S1e7,񅚱,
seg00107,handshape,Thumb Opposition,1fin_othersFist,(fingers rounded),S1eb,񅠱,
seg00108,handshape,Thumb Opposition,1fin_othersFist,(fingers rounded),S1ed,񅣡,񅢑
seg00109,handshape,Thumb Opposition,1fin_othersFist,FlattenedandInFistfingerUp,S19f,񃮱,
seg00110,handshape,Thumb Opposition,1fin_othersFist,(fingers straight),S1e4,񅖑,
seg00111,handshape,Thumb Opposition,1fin_othersFist,(fingers flattened),S1ee,񅥑,
seg00112,handshape,Thumb Opposition,1fin_othersFist,(fingers flattened),S1f0,񅨑,񅨁
seg00113,handshape,Thumb Opposition,1fin_othersFist,(fingers flattened),S1f4,񅮁,񅮑
seg00114,handshape,Thumb Opposition,2finNonspread_othersFist,(fingers rounded),S129,񀽱,
seg00115,handshape,Thumb Opposition,2finNonspread_othersFist,(fingers flattened),S13d,񁛡,񁛱
seg00116,handshape,Thumb Opposition,2finNonspread_othersFist,(fingers flattened),S13f,񁞱,
seg00117,handshape,Thumb Opposition,2finNonspread_othersFist,(fingers straight),None,,
seg00118,handshape,Thumb Opposition,2finNonspread_othersFist,FlattenedandInFistfingerUp,S1a3,񃴱,
seg00119,handshape,Thumb Opposition,2finNonspread_othersFist,FlattenedandInFistfingerUp,S1b2,񄋑,
seg00120,handshape,Thumb Opposition,2finNonspread_othersFist,FlattenedandInFistfingerUp,S1b3,񄌱,
seg00121,handshape,Thumb Opposition,2finSpread_othersFist,(fingers rounded),S128,񀼑,
seg00122,handshape,Thumb Opposition,2finSpread_othersFist,(fingers rounded),S12a,񀿑,
seg00123,handshape,Thumb Opposition,2finSpread_othersFist,(fingers flattened),S12b,񁀱,
seg00124,handshape,Thumb Opposition,2finSpread_othersFist,(fingers straight),S127,񀺱,
seg00125,handshape,Thumb Opposition,2finSpread_othersFist,FlattenedandInFistfingerUp,None,,
seg00126,handshape,Thumb Opposition,4finNonspread,(fingers rounded),S16d,񂣱,
seg00127,handshape,Thumb Opposition,4finNonspread,(fingers rounded),S173,񂬱,
seg00128,handshape,Thumb Opposition,4finNonspread,(fingers rounded),S176,񂱑,
seg00129,handshape,Thumb Opposition,4finNonspread,(fingers rounded),S177,񂲱,
seg00130,handshape,Thumb Opposition,4finNonspread,(fingers flattened),S17c,񂺑,
seg00131,handshape,Thumb Opposition,4finNonspread,(fingers flattened),S17d,񂻱,
seg00132,handshape,Thumb Opposition,4finNonspread,(fingers flattened),S185,񃇱,
seg00133,handshape,Thumb Opposition,4finNonspread,(fingers straight),S160,񂐑,
seg00134,handshape,Thumb Opposition,4finSpread,(fingers rounded),S153,񁼱,
seg00135,handshape,Thumb Opposition,4finSpread,(fingers rounded),S154,񁾑,
seg00136,handshape,Thumb Opposition,4finSpread,(fingers rounded),S155,񁿱,
seg00137,handshape,Thumb Opposition,4finSpread,(fingers flattened),S155,񁿱,
seg00138,handshape,Thumb Opposition,4finSpread,(fingers straight),None,,
seg00139,handshape,Thumb Opposition,1fin_othersNonfist,"(thumb rounded,others spread)",S187,񃊱,
seg00140,handshape,Thumb Opposition,1fin_othersNonfist,"(thumb rounded,others spread)",S18b,񃐱,
seg00141,handshape,Thumb Opposition,1fin_othersNonfist,"(thumb rounded,others spread)",S1a4,񃶁,
seg00142,handshape,Thumb Opposition,1fin_othersNonfist,"(thumb rounded,others spread)",S1a5,񃷱,
seg00143,handshape,Thumb Opposition,1fin_othersNonfist,"(thumb rounded,others spread)",S1ba,񄗁,
seg00144,handshape,Thumb Opposition,1fin_othersNonfist,"(thumb rounded,others spread)",S1bb,񄘱,
seg00145,handshape,Thumb Opposition,1fin_othersNonfist,"(thumb rounded,others spread)",S1ce,񄵑,
seg00146,handshape,Thumb Opposition,1fin_othersNonfist,"(thumb rounded,others spread)",S1d0,񄸑,
seg00147,handshape,Thumb Opposition,1fin_othersNonfist,"(thumb rounded,others spread)",S1d5,񄿱,
seg00148,handshape,Thumb Opposition,1fin_othersNonfist,"(thumb rounded,others spread)",S1d6,񅁑,
seg00149,handshape,Thumb Opposition,1fin_othersNonfist,"(thumb rounded,others spread)",Missing,,
seg00150,handshape,Thumb Opposition,1fin_othersNonfist,"(thumb rounded,others nonspread)",S18c,񃒑,
seg00151,handshape,Thumb Opposition,1fin_othersNonfist,"(thumb rounded,others nonspread)",S18d,񃓱,
seg00152,handshape,Thumb Opposition,1fin_othersNonfist,"(thumb rounded,others nonspread)",S1da,񅇑,
seg00153,handshape,Thumb Opposition,1fin_othersNonfist,(thumb flattened),S1c1,񄡱,
seg00154,handshape,Thumb Opposition,1fin_othersNonfist,(thumb flattened),S1c3,񄤱,
seg00155,handshape,Thumb Opposition,1fin_othersNonfist,(thumb flattened),S1d1,񄹱,
seg00156,handshape,Thumb Opposition,1fin_othersNonfist,(thumb flattened),S1d2,񄻑,
seg00157,handshape,Thumb Opposition,1fin_othersNonfist,(thumb flattened),S1d3,񄼱,
seg00158,handshape,Thumb Opposition,1fin_othersNonfist,(thumb flattened),S1d4,񄾑,
seg00159,handshape,Thumb Opposition,1fin_othersNonfist,(thumb flattened),S1d8,񅄑,
seg00160,handshape,Thumb Opposition,1fin_othersNonfist,FlattenedandInFistfingerUp,S105,񀇱,
seg00161,handshape,Thumb Opposition,1fin_othersNonfist,FlattenedandInFistfingerUp,S196,񃡑,
seg00162,handshape,,,,S10b,,
seg00163,handshape,,,,S14a,,
seg00164,handshape,,,,S14d,,
seg00165,handshape,,,,S16f,,
seg00166,handshape,,,,S17e,,
seg00167,handshape,,,,S1cd,,
seg00168,handshape,,,,S1dd,,
seg00169,handshape,,,,S102,,
seg00170,handshape,,,,S104,,
seg00171,handshape,,,,S107,,
seg00172,handshape,,,,S109,,
seg00173,handshape,,,,S10d,,
seg00174,handshape,,,,S10f,,
seg00175,handshape,,,,S111,,
seg00176,handshape,,,,S113,,
seg00177,handshape,,,,S114,,
seg00178,handshape,,,,S117,,
seg00179,handshape,,,,S11b,,
seg00180,handshape,,,,S11c,,
seg00181,handshape,,,,S11f,,
seg00182,handshape,,,,S120,,
seg00183,handshape,,,,S124,,
seg00184,handshape,,,,S12c,,
seg00185,handshape,,,,S12e,,
seg00186,handshape,,,,S12f,,
seg00187,handshape,,,,S130,,
seg00188,handshape,,,,S131,,
seg00189,handshape,,,,S133,,
seg00190,handshape,,,,S134,,
seg00191,handshape,,,,S135,,
seg00192,handshape,,,,S136,,
seg00193,handshape,,,,S137,,
seg00194,handshape,,,,S138,,
seg00195,handshape,,,,S139,,
seg00196,handshape,,,,S13a,,
seg00197,handshape,,,,S13b,,
seg00198,handshape,,,,S13c,,
seg00199,handshape,,,,S141,,
seg00200,handshape,,,,S143,,
seg00201,handshape,,,,S148,,
seg00202,handshape,,,,S14f,,
seg00203,handshape,,,,S151,,
seg00204,handshape,,,,S152,,
seg00205,handshape,,,,S156,,
seg00206,handshape,,,,S15b,,
seg00207,handshape,,,,S15c,,
seg00208,handshape,,,,S15e,,
seg00209,handshape,,,,S15f,,
seg00210,handshape,,,,S161,,
seg00211,handshape,,,,S162,,
seg00212,handshape,,,,S163,,
seg00213,handshape,,,,S164,,
seg00214,handshape,,,,S165,,
seg00215,handshape,,,,S166,,
seg00216,handshape,,,,S167,,
seg00217,handshape,,,,S169,,
seg00218,handshape,,,,S16a,,
seg00219,handshape,,,,S16b,,
seg00220,handshape,,,,S16c,,
seg00221,handshape,,,,S172,,
seg00222,handshape,,,,S174,,
seg00223,handshape,,,,S175,,
seg00224,handshape,,,,S178,,
seg00225,handshape,,,,S179,,
seg00226,handshape,,,,S17a,,
seg00227,handshape,,,,S17b,,
seg00228,handshape,,,,S17f,,
seg00229,handshape,,,,S181,,
seg00230,handshape,,,,S183,,
seg00231,handshape,,,,S184,,
seg00232,handshape,,,,S186,,
seg00233,handshape,,,,S188,,
seg00234,handshape,,,,S189,,
seg00235,handshape,,,,S18a,,
seg00236,handshape,,,,S191,,
seg00237,handshape,,,,S194,,
seg00238,handshape,,,,S195,,
seg00239,handshape,,,,S197,,
seg00240,handshape,,,,S19b,,
seg00241,handshape,,,,S19d,,
seg00242,handshape,,,,S19e,,
seg00243,handshape,,,,S1a1,,
seg00244,handshape,,,,S1a2,,
seg00245,handshape,,,,S1a6,,
seg00246,handshape,,,,S1a8,,
seg00247,handshape,,,,S1a9,,
seg00248,handshape,,,,S1aa,,
seg00249,handshape,,,,S1ac,,
seg00250,handshape,,,,S1af,,
seg00251,handshape,,,,S1b1,,
seg00252,handshape,,,,S1b6,,
seg00253,handshape,,,,S1b7,,
seg00254,handshape,,,,S1b8,,
seg00255,handshape,,,,S1b9,,
seg00256,handshape,,,,S1bc,,
seg00257,handshape,,,,S1bd,,
seg00258,handshape,,,,S1be,,
seg00259,handshape,,,,S1bf,,
seg00260,handshape,,,,S1c0,,
seg00261,handshape,,,,S1c2,,
seg00262,handshape,,,,S1c7,,
seg00263,handshape,,,,S1c8,,
seg00264,handshape,,,,S1c9,,
seg00265,handshape,,,,S1ca,,
seg00266,handshape,,,,S1cc,,
seg00267,handshape,,,,S1cf,,
seg00268,handshape,,,,S1d9,,
seg00269,handshape,,,,S1db,,
seg00270,handshape,,,,S1e3,,
seg00271,handshape,,,,S1e6,,
seg00272,handshape,,,,S1e8,,
seg00273,handshape,,,,S1ec,,
seg00274,handshape,,,,S1ef,,
seg00275,handshape,,,,S1f1,,
seg00276,handshape,,,,S1f6,,
seg00277,handshape,,,,S1fa,,
seg00278,handshape,,,,S1fe,,